Weight,Size,Sweetness,Acidity,Firmness,Ripeness,Color_Score,Diameter,Height,Width,Fruit
183.94,6.08,63.25,41.7,83.41,85.3,91.23,6.26,6.69,6.09,Apple
141.86,7.52,55.8,40.97,81.25,81.35,67.72,7.77,8.24,6.02,Apple
200.58,8.09,65.21,39.66,88.93,75.1,63.25,6.29,8.39,7.81,Apple
200.71,8.19,71.09,64.19,74.46,81.56,89.03,7.86,8.45,7.73,Apple
190.46,6.14,61.84,43.68,66.99,71.98,63.54,6.83,7.54,7.09,Apple
157.02,6.63,63.01,63.1,81.2,83.27,65.99,8.19,5.65,7.14,Apple
218.95,7.92,71.71,55.54,86.07,88.28,68.02,6.1,6.26,6.8,Apple
141.1,8.83,81.29,44.44,81.39,76.87,92.01,7.38,6.06,6.74,Apple
176.14,6.79,72.54,61.93,74.99,71.58,94.91,7.53,5.36,6.14,Apple
130.96,7.88,78.76,47.66,66.59,76.45,94.86,7.59,8.88,8.58,Apple
121.15,8.16,75.45,51.11,71.67,84.23,63.9,7.3,6.81,8.86,Apple
207.59,6.79,70.02,40.36,87.82,91.12,70.45,7.92,7.44,6.46,Apple
196.25,7.62,78.36,50.91,65.01,74.72,60.68,8.79,8.51,8.49,Apple
150.75,6.17,81.34,63.41,67.14,79.58,62.42,8.28,8.06,6.39,Apple
167.53,7.65,62.95,61.17,75.58,71.35,78.88,8.19,5.8,6.94,Apple
219.51,7.95,68.14,50.53,68.03,71.74,71.83,7.76,5.92,6.66,Apple
127.1,7.89,61.87,62.16,86.49,67.13,68.33,8.01,5.86,6.4,Apple
213.55,7.71,69.18,58.54,85.19,70.71,63.39,7.29,6.69,7.4,Apple
192.91,8.02,84.52,37.95,75.07,75.18,90.16,6.75,5.76,7.35,Apple
162.19,6.84,62.49,62.7,76.08,90.84,79.26,6.15,9.0,8.51,Apple
216.9,8.78,80.46,39.99,77.14,71.41,74.04,6.18,6.52,8.96,Apple
146.52,8.35,68.65,47.69,88.93,94.86,79.45,8.16,5.62,6.89,Apple
216.87,7.74,71.27,57.44,66.43,82.53,77.6,8.56,5.63,8.88,Apple
128.01,6.56,72.85,55.26,70.88,68.6,91.16,6.74,7.38,7.86,Apple
161.92,7.75,70.68,63.04,70.11,86.49,68.35,7.19,7.69,6.9,Apple
151.62,8.26,57.18,48.75,89.96,94.88,62.56,6.64,6.06,8.8,Apple
208.09,8.64,66.09,39.73,85.84,86.11,81.41,8.96,7.62,6.02,Apple
201.71,6.9,74.9,63.17,68.36,68.46,63.75,7.66,6.09,7.81,Apple
191.76,6.61,74.03,42.92,77.21,92.16,89.61,6.28,6.69,6.83,Apple
120.35,8.31,74.11,42.86,83.53,81.55,74.97,6.03,5.3,8.65,Apple
210.39,7.64,80.04,52.48,68.7,68.82,70.79,8.7,8.18,8.58,Apple
209.89,6.63,62.49,38.08,84.5,91.52,74.22,7.86,5.62,8.79,Apple
206.46,8.93,79.32,61.44,65.62,87.1,71.63,8.79,8.21,8.59,Apple
201.07,6.8,78.62,38.24,86.8,90.76,67.79,8.45,6.84,6.92,Apple
199.53,6.68,55.71,40.79,73.21,90.93,93.84,6.84,7.57,7.2,Apple
218.11,7.61,83.18,38.46,89.26,70.36,93.69,6.8,5.43,7.3,Apple
192.85,6.94,73.19,50.34,74.63,82.3,68.92,8.13,5.01,8.78,Apple
173.85,8.16,77.26,55.12,74.11,67.1,83.25,6.99,6.26,8.54,Apple
191.98,6.9,64.28,47.25,75.06,73.87,64.46,7.26,8.76,8.03,Apple
210.28,7.85,64.03,51.44,65.01,73.61,75.05,7.74,7.62,7.39,Apple
164.22,6.64,69.2,62.04,84.9,70.09,62.97,7.55,7.53,7.01,Apple
201.84,8.25,75.18,41.74,69.98,65.73,68.57,7.43,8.4,6.22,Apple
161.44,7.89,60.83,55.89,77.36,72.32,82.96,6.02,8.0,8.31,Apple
130.66,7.28,60.28,63.74,77.95,66.51,68.72,8.55,6.83,8.4,Apple
186.76,8.96,72.86,63.5,87.29,83.38,85.17,7.51,8.32,7.64,Apple
209.72,8.23,69.24,42.78,71.18,84.13,86.8,7.56,7.51,6.82,Apple
127.75,6.86,63.15,44.59,78.5,69.15,68.09,8.08,7.83,6.19,Apple
160.76,7.63,67.47,41.21,75.5,92.15,80.44,8.09,8.43,8.3,Apple
158.04,6.02,65.55,57.6,86.34,93.6,74.67,8.24,7.18,7.81,Apple
142.05,6.66,68.08,35.87,73.4,85.37,74.15,6.5,6.87,6.38,Apple
182.23,6.08,66.82,51.93,65.68,84.28,64.75,7.39,5.2,7.14,Apple
141.17,6.98,77.84,46.37,83.8,89.96,68.83,6.25,5.08,7.62,Apple
219.99,7.05,74.5,58.44,81.29,87.63,93.24,6.6,5.08,6.46,Apple
132.62,8.01,71.92,41.54,82.49,88.01,65.87,7.82,7.99,6.34,Apple
201.93,8.89,58.24,35.77,72.8,85.32,93.54,7.19,7.86,6.23,Apple
189.06,7.88,58.06,58.17,86.26,83.01,64.24,8.95,8.13,7.04,Apple
162.84,7.11,70.18,45.24,86.24,89.67,63.69,8.88,7.54,8.49,Apple
190.73,7.31,77.01,63.96,71.75,89.25,78.84,7.45,6.74,8.19,Apple
146.84,8.56,79.92,37.6,87.04,72.32,76.26,7.83,6.52,6.09,Apple
205.1,6.55,61.36,58.93,73.51,91.41,84.54,6.83,5.04,8.84,Apple
128.56,8.16,69.66,57.74,82.27,84.38,77.18,8.38,5.37,6.66,Apple
189.18,6.92,72.45,49.2,78.27,77.77,86.11,6.99,7.81,6.81,Apple
145.14,6.36,60.78,38.59,78.4,87.87,66.48,6.65,6.94,8.17,Apple
217.66,7.57,63.49,38.02,69.85,71.82,66.28,6.04,7.14,6.82,Apple
217.43,7.66,75.92,38.79,86.71,79.73,90.55,7.72,6.88,7.32,Apple
138.44,6.15,83.23,49.33,85.55,77.02,62.59,7.89,5.21,6.45,Apple
176.28,6.91,84.82,38.55,84.11,83.19,87.68,6.68,7.09,7.35,Apple
164.27,8.58,84.7,44.16,80.53,83.29,85.9,8.84,5.83,6.63,Apple
186.04,6.47,60.21,37.25,65.07,78.52,80.78,6.87,5.93,8.12,Apple
190.3,7.36,75.62,62.72,84.7,83.75,83.14,8.8,6.7,7.63,Apple
184.76,8.73,79.8,37.14,69.15,74.23,86.21,7.71,6.15,6.37,Apple
188.87,8.1,83.28,50.01,77.34,67.41,61.4,7.3,6.29,6.75,Apple
129.13,8.89,80.08,52.26,88.77,94.99,83.53,6.81,5.16,8.27,Apple
167.05,7.95,82.48,40.44,79.63,84.04,77.21,6.27,6.39,7.0,Apple
187.01,8.57,64.89,55.81,72.21,93.36,88.47,7.65,6.82,6.94,Apple
152.33,8.91,67.13,50.44,89.7,84.73,78.99,7.24,5.75,7.09,Apple
195.64,7.88,77.8,41.11,78.73,92.83,75.33,8.09,5.49,8.92,Apple
180.89,6.72,59.75,51.53,78.81,67.8,94.73,8.74,6.85,6.35,Apple
203.21,7.5,76.5,50.27,71.84,90.04,94.31,6.73,7.21,7.15,Apple
212.19,7.52,81.38,60.92,71.91,88.7,74.52,8.8,7.03,8.46,Apple
148.28,6.9,72.61,64.97,77.24,69.46,78.85,7.04,7.21,7.63,Apple
165.53,6.97,60.66,55.92,79.29,72.01,87.14,6.13,7.98,8.12,Apple
201.14,7.16,74.91,59.62,89.52,79.86,61.3,7.51,7.36,8.61,Apple
207.42,7.32,70.78,48.71,83.06,77.3,82.92,6.46,6.88,8.91,Apple
153.86,8.08,74.5,60.55,86.31,90.78,73.3,6.95,7.87,8.28,Apple
207.24,6.11,57.05,53.93,88.02,94.92,86.14,7.3,5.39,7.9,Apple
207.26,7.33,75.82,62.1,66.15,88.88,70.27,7.12,5.58,7.59,Apple
176.59,8.38,60.1,37.37,86.77,83.59,68.43,8.74,5.57,7.38,Apple
145.4,6.77,55.28,59.14,87.53,85.33,65.53,7.33,6.38,7.76,Apple
183.89,7.27,62.5,60.36,69.98,76.54,76.91,6.71,7.29,7.72,Apple
219.27,6.89,84.34,54.75,71.86,81.98,84.0,8.23,5.2,7.82,Apple
169.67,8.71,63.59,58.97,80.18,75.57,82.28,7.86,7.71,8.16,Apple
185.92,8.52,73.85,62.1,81.16,74.27,75.43,7.74,7.93,6.27,Apple
149.51,8.24,60.27,38.96,78.49,94.14,78.58,8.74,8.32,6.77,Apple
202.47,7.45,79.19,57.4,73.47,68.46,93.7,6.42,8.87,8.58,Apple
192.42,8.94,84.02,59.14,74.14,88.72,60.49,7.61,6.82,8.02,Apple
187.23,7.75,79.67,63.21,67.71,72.01,60.88,8.65,7.25,8.75,Apple
142.14,6.19,79.72,62.28,72.55,77.25,64.89,8.84,6.22,7.48,Apple
129.72,8.66,59.07,48.61,81.76,87.29,93.11,7.26,7.97,6.46,Apple
161.49,6.3,69.68,47.24,88.79,65.98,72.97,7.33,8.8,8.57,Apple
89.94,18.86,81.33,34.45,47.55,70.93,61.64,3.24,20.48,3.91,Banana
146.28,18.42,82.91,10.53,62.54,64.74,59.41,4.13,12.69,4.53,Banana
100.72,14.16,91.09,18.21,40.16,91.02,55.1,4.72,13.45,3.26,Banana
105.07,13.74,84.83,10.64,35.52,86.6,63.33,3.65,13.74,3.1,Banana
154.17,17.26,87.37,21.91,62.23,75.53,58.82,4.01,21.45,3.09,Banana
158.32,20.67,80.64,21.45,68.74,57.43,71.76,3.8,18.86,3.98,Banana
170.97,12.73,67.42,25.21,37.3,66.0,77.16,4.1,15.25,4.99,Banana
133.06,16.54,83.16,12.48,59.56,89.11,77.78,4.54,19.21,3.43,Banana
125.16,14.28,75.17,21.34,49.56,58.8,69.94,4.33,15.74,3.31,Banana
172.3,12.67,89.95,12.33,38.38,84.55,83.41,4.11,17.86,4.12,Banana
112.96,13.22,75.61,26.63,61.26,89.72,80.24,4.94,18.0,3.7,Banana
137.79,14.13,84.7,15.61,38.79,88.81,67.86,4.53,17.74,4.61,Banana
164.52,21.75,89.55,25.34,57.49,56.05,87.52,4.66,14.67,3.36,Banana
150.27,15.09,75.19,10.15,65.45,77.65,69.03,3.28,18.33,3.06,Banana
154.61,14.15,77.59,18.52,47.95,83.86,82.19,4.14,12.85,3.11,Banana
95.74,18.18,85.22,16.8,58.17,74.43,70.47,3.55,19.55,3.23,Banana
122.99,14.83,85.35,22.17,58.35,56.82,68.83,4.2,12.08,3.6,Banana
101.12,13.37,72.67,18.2,35.27,84.88,61.15,3.76,19.04,4.0,Banana
163.34,20.06,67.16,31.54,36.48,55.75,87.24,4.72,17.76,4.15,Banana
150.95,16.18,68.46,10.52,46.37,87.05,76.63,4.66,21.2,3.18,Banana
164.45,14.43,82.67,23.1,48.85,67.41,66.88,3.67,13.68,4.02,Banana
91.4,17.1,92.18,18.73,60.46,87.76,83.53,3.47,13.46,3.39,Banana
140.24,19.6,84.67,14.43,62.05,74.76,81.41,4.52,16.49,4.85,Banana
136.45,18.35,83.74,31.61,56.95,61.04,57.39,3.88,15.03,3.55,Banana
85.62,17.07,74.31,21.3,36.99,88.27,57.69,4.73,20.55,4.23,Banana
130.71,16.63,81.63,29.8,66.36,72.99,83.34,4.3,15.22,3.95,Banana
95.09,12.62,68.11,32.48,47.02,83.57,72.66,3.35,14.48,3.88,Banana
123.94,17.23,69.76,19.32,44.9,71.35,66.84,4.2,19.89,4.29,Banana
86.59,12.95,85.35,17.1,60.33,81.26,86.72,4.75,15.33,4.17,Banana
94.14,15.5,94.03,27.46,48.72,78.8,87.83,3.62,15.77,4.58,Banana
161.32,18.7,89.87,28.47,58.99,76.06,77.61,3.85,15.62,3.73,Banana
98.03,14.14,93.43,22.16,42.93,60.5,57.7,4.69,13.01,4.54,Banana
163.51,20.84,66.13,18.42,61.82,60.24,68.19,3.32,20.31,4.54,Banana
160.9,13.66,78.13,20.27,58.67,64.5,70.55,3.57,19.49,3.9,Banana
133.4,15.09,89.26,21.73,64.23,69.71,88.15,4.97,16.62,3.56,Banana
118.19,17.27,93.99,30.42,63.04,60.54,63.75,4.28,20.74,4.11,Banana
90.26,20.46,90.53,17.13,61.71,65.91,86.69,3.29,16.37,4.89,Banana
102.2,16.51,75.49,10.67,36.86,75.08,63.25,4.99,15.75,3.06,Banana
173.08,20.39,84.5,29.78,39.82,66.48,84.04,4.39,13.39,4.41,Banana
124.86,12.05,67.38,16.4,64.22,76.95,80.45,4.06,13.11,3.58,Banana
110.12,12.48,77.59,29.85,51.0,59.43,86.68,4.19,12.16,4.03,Banana
104.19,13.44,77.88,25.37,43.42,71.66,78.25,3.17,21.75,3.14,Banana
132.61,17.07,94.65,23.85,48.67,73.81,77.25,4.96,14.54,3.03,Banana
158.85,15.45,86.99,25.71,62.0,84.41,66.64,3.09,17.46,4.63,Banana
97.51,19.79,78.94,27.38,57.11,87.46,57.21,4.55,16.58,3.59,Banana
84.38,13.99,66.26,33.33,53.04,94.56,74.01,3.51,19.53,3.38,Banana
115.7,19.81,90.97,18.3,39.36,69.72,86.13,4.49,20.95,3.77,Banana
177.37,16.96,79.93,33.11,53.17,87.05,80.45,3.16,18.02,4.64,Banana
134.55,15.21,67.4,26.52,45.73,79.1,69.91,4.38,15.52,3.08,Banana
167.0,15.53,94.94,16.86,69.3,92.92,57.63,4.28,15.63,4.6,Banana
147.94,21.53,69.28,25.19,62.35,56.39,57.35,4.56,15.66,3.77,Banana
136.72,18.05,85.37,33.72,48.02,85.52,75.09,4.06,15.98,4.3,Banana
104.96,13.13,87.07,22.48,48.54,77.47,64.16,3.52,16.46,4.99,Banana
108.56,21.16,79.74,13.07,64.85,73.08,86.45,3.89,12.88,4.36,Banana
164.55,15.2,75.42,11.62,53.98,90.65,84.8,4.42,21.27,4.28,Banana
159.37,17.09,68.64,15.02,39.86,86.61,55.92,4.11,15.69,4.61,Banana
135.16,18.12,67.59,17.73,69.99,83.75,73.4,4.54,20.23,3.15,Banana
177.24,18.42,78.5,27.0,47.06,90.12,82.31,4.28,13.82,4.93,Banana
123.26,21.11,66.66,13.1,40.36,61.59,66.29,4.42,15.46,4.88,Banana
169.49,20.46,72.52,25.88,54.28,60.01,65.6,4.07,17.03,3.34,Banana
174.16,13.54,84.76,28.02,56.18,88.7,74.73,4.65,12.28,3.09,Banana
144.15,17.77,84.53,29.17,49.58,80.56,72.43,4.25,14.9,4.91,Banana
128.29,20.05,85.55,17.44,37.55,57.4,70.39,3.97,14.04,4.21,Banana
111.26,19.18,87.03,31.52,69.14,60.23,67.97,4.12,15.19,3.93,Banana
106.75,14.48,67.9,17.26,48.45,79.62,63.69,4.73,13.6,3.65,Banana
137.77,15.13,87.89,22.46,53.02,74.95,65.8,3.05,21.45,4.01,Banana
176.67,14.15,75.59,11.26,52.32,90.29,77.9,3.94,17.37,4.69,Banana
123.09,20.82,86.83,29.1,47.81,71.02,74.96,3.39,17.53,3.15,Banana
130.43,19.64,73.39,34.73,58.81,59.75,89.13,3.79,19.95,3.68,Banana
173.89,19.55,70.97,22.73,52.5,56.81,59.8,3.67,16.74,3.91,Banana
140.63,17.16,74.84,25.33,40.69,94.62,80.88,3.6,15.36,4.66,Banana
133.23,19.09,73.99,30.39,47.89,81.95,89.3,4.17,19.97,4.45,Banana
148.8,12.27,79.24,34.18,62.4,86.05,75.22,4.44,17.84,3.34,Banana
142.9,18.2,90.24,13.69,58.83,56.26,88.19,3.22,12.19,3.63,Banana
95.14,18.91,77.31,29.37,67.22,89.91,80.75,3.12,13.38,3.41,Banana
112.5,18.62,80.76,17.84,41.06,91.48,66.98,3.71,19.72,4.44,Banana
144.33,18.93,83.3,14.81,43.63,77.32,62.87,4.95,14.98,3.58,Banana
100.73,19.05,74.51,18.72,67.68,86.82,64.57,3.24,18.77,3.76,Banana
178.02,20.18,93.64,30.12,45.17,66.51,79.99,3.69,16.42,3.51,Banana
127.91,14.02,81.16,33.33,59.37,60.49,76.55,4.17,14.42,4.34,Banana
133.1,18.38,66.57,20.33,60.11,59.02,81.98,3.01,17.5,4.86,Banana
120.69,21.35,91.35,21.94,41.98,93.56,66.24,4.29,21.08,3.18,Banana
137.41,17.35,86.69,33.42,66.96,62.0,85.88,3.35,21.2,4.99,Banana
119.7,16.95,93.1,34.05,67.41,90.07,55.32,4.14,13.07,4.97,Banana
108.46,21.89,81.3,22.35,67.85,89.04,71.38,3.39,13.13,3.32,Banana
125.89,14.57,70.59,28.42,62.68,77.71,81.5,3.35,20.56,4.79,Banana
162.7,17.15,67.6,26.73,41.47,60.62,66.33,3.5,14.61,3.47,Banana
155.38,21.54,74.06,28.07,35.4,81.15,79.25,3.12,13.18,3.61,Banana
120.54,17.03,91.85,27.59,45.88,59.7,87.06,3.59,18.15,3.44,Banana
93.36,13.53,87.43,25.14,49.55,76.97,71.48,4.08,18.64,3.44,Banana
104.75,19.55,91.19,12.05,50.64,83.15,57.73,4.13,12.62,4.1,Banana
130.55,17.73,69.5,18.2,53.21,59.65,62.19,4.17,12.91,4.02,Banana
160.87,16.53,80.4,21.42,37.02,73.5,83.24,4.45,15.96,4.63,Banana
154.58,17.78,66.36,18.61,37.23,94.76,87.71,3.14,21.34,3.06,Banana
120.89,19.69,87.97,34.46,57.61,71.81,89.75,3.76,20.7,4.81,Banana
117.56,18.83,84.85,23.48,57.87,68.91,61.25,4.07,17.29,4.46,Banana
102.27,12.03,65.68,17.46,58.57,76.78,73.62,4.65,14.48,3.69,Banana
107.56,21.37,86.75,12.82,63.33,71.77,81.81,4.77,12.16,3.41,Banana
90.09,12.34,82.93,27.58,36.7,84.62,69.08,3.47,14.17,4.73,Banana
85.64,17.04,73.68,30.39,60.6,67.76,75.93,4.35,15.21,3.6,Banana
185.82,12.62,71.63,24.02,42.13,92.94,90.19,11.56,12.38,8.14,Mango
273.91,14.81,93.25,35.14,67.5,67.75,71.65,7.75,10.64,9.77,Mango
268.38,13.95,74.02,36.23,68.2,91.59,77.5,11.84,11.9,6.67,Mango
210.71,9.42,84.4,42.67,69.65,58.7,83.98,7.95,9.88,9.37,Mango
300.73,14.12,70.64,37.85,65.35,77.35,74.18,11.35,10.33,10.79,Mango
153.83,14.56,93.86,18.52,74.99,74.16,64.7,10.02,9.43,10.58,Mango
288.02,13.43,76.42,31.01,52.57,65.46,75.51,9.49,8.69,10.91,Mango
267.37,13.88,92.43,26.12,54.49,77.5,63.85,7.73,9.83,10.67,Mango
294.79,10.92,69.57,24.9,53.29,88.33,74.97,10.27,12.79,7.29,Mango
355.4,14.77,84.25,29.72,45.89,86.8,61.77,10.6,11.42,10.58,Mango
285.53,12.49,66.76,16.01,69.63,92.81,81.73,10.82,10.89,10.21,Mango
207.86,12.95,65.27,30.17,53.06,79.71,81.67,10.08,11.38,8.44,Mango
151.65,11.86,65.36,30.88,49.62,94.1,55.69,11.07,12.72,10.03,Mango
377.44,8.75,67.89,19.47,46.72,76.06,87.61,8.34,10.78,7.87,Mango
251.51,11.96,94.71,21.78,63.94,88.91,81.15,11.29,13.32,6.47,Mango
244.82,11.87,66.68,15.28,46.0,74.99,72.36,10.92,11.96,10.29,Mango
173.84,11.7,66.28,21.34,70.38,90.5,74.02,7.23,8.52,10.63,Mango
374.83,11.94,65.99,42.86,51.01,93.46,78.48,10.76,12.99,7.99,Mango
169.23,9.14,72.21,40.04,53.62,90.86,68.27,10.78,8.98,10.94,Mango
331.04,11.51,94.23,16.61,55.3,88.55,68.62,10.85,14.68,7.98,Mango
343.39,8.21,73.2,44.78,57.17,69.23,92.65,9.16,12.76,9.3,Mango
171.42,12.33,88.94,36.39,42.87,61.17,83.47,10.17,13.18,7.58,Mango
176.64,8.04,74.25,25.8,49.44,60.3,62.5,9.24,11.88,8.04,Mango
156.57,10.48,67.79,32.94,51.36,70.41,66.67,8.94,8.59,10.51,Mango
376.3,14.85,82.16,20.09,53.33,60.55,67.05,9.47,8.44,8.17,Mango
255.28,11.39,67.31,22.55,48.63,80.0,78.75,7.98,8.75,7.52,Mango
387.21,10.33,83.61,39.12,51.53,68.39,87.62,11.3,14.82,6.68,Mango
230.17,14.63,71.03,24.43,73.76,93.75,66.66,10.47,11.44,8.88,Mango
210.61,10.63,89.49,26.79,43.99,77.55,78.69,9.73,12.77,8.75,Mango
388.25,11.23,86.25,28.15,50.2,82.71,87.76,10.98,10.86,8.5,Mango
308.33,9.69,84.76,36.46,67.62,57.96,94.63,9.4,10.81,8.53,Mango
380.1,12.84,81.31,38.72,52.58,90.82,76.48,10.19,8.59,9.84,Mango
314.4,10.49,84.41,16.33,74.43,82.1,70.98,10.76,14.76,8.15,Mango
152.64,9.81,80.32,30.56,60.32,78.01,72.83,8.96,13.41,8.94,Mango
275.12,10.41,65.74,18.14,54.56,93.47,59.64,11.7,8.99,7.56,Mango
263.83,9.45,79.49,29.28,55.34,82.87,67.76,8.5,13.67,6.58,Mango
362.3,12.54,85.31,19.93,74.44,64.76,61.98,7.8,11.92,10.79,Mango
207.96,10.84,70.53,34.21,55.12,56.17,79.56,7.99,12.15,7.94,Mango
326.18,9.44,87.57,39.26,42.19,59.07,89.88,7.93,10.28,8.29,Mango
215.59,14.04,80.83,34.17,60.89,79.45,78.48,8.74,13.92,9.09,Mango
353.43,12.94,73.92,33.43,42.97,60.36,59.71,8.53,9.28,9.47,Mango
277.71,10.93,69.14,26.51,46.5,80.42,82.74,10.23,15.0,8.77,Mango
272.41,8.98,74.44,28.53,41.88,69.36,55.38,7.68,13.71,10.82,Mango
276.36,11.46,85.54,27.47,69.4,74.55,58.31,7.15,13.33,7.46,Mango
218.71,11.76,70.05,28.72,65.99,85.64,76.99,7.57,8.8,9.88,Mango
355.82,10.57,89.68,16.25,65.16,76.85,94.59,7.51,13.81,9.76,Mango
224.43,15.0,78.49,25.46,68.59,72.56,94.76,10.88,9.66,10.05,Mango
296.98,10.45,86.32,33.98,45.81,60.57,63.26,8.03,8.42,7.75,Mango
220.27,11.77,74.71,36.12,50.13,65.69,89.32,11.93,12.76,6.48,Mango
390.69,13.5,92.56,44.77,70.35,60.08,89.64,8.25,12.98,10.14,Mango
340.37,12.73,79.68,32.32,49.41,71.57,73.08,10.17,14.16,6.47,Mango
278.9,9.95,93.09,26.07,73.26,68.09,55.1,10.87,13.13,9.65,Mango
264.61,12.65,75.75,16.9,58.7,63.71,72.19,8.06,9.88,10.14,Mango
234.44,12.05,81.98,29.56,52.03,82.3,56.94,7.5,13.49,8.3,Mango
181.06,14.0,78.24,15.02,73.53,63.09,82.54,7.66,12.55,6.79,Mango
383.18,9.92,84.64,22.51,53.01,91.15,61.62,8.98,10.14,9.5,Mango
208.54,12.59,86.11,15.03,56.69,60.31,64.05,10.4,8.07,9.48,Mango
354.28,14.92,77.67,18.97,42.48,70.32,84.23,7.51,10.19,10.4,Mango
184.28,13.41,87.59,18.99,74.75,60.71,76.22,7.04,12.55,8.2,Mango
330.61,12.4,69.54,27.35,64.03,89.4,58.47,7.5,13.27,8.95,Mango
246.01,14.74,74.44,19.19,49.69,58.37,77.14,10.0,12.25,9.89,Mango
322.62,13.94,84.75,24.05,58.12,75.38,84.91,8.48,8.38,10.49,Mango
388.67,11.46,68.38,29.99,60.79,76.13,94.11,11.93,14.54,6.66,Mango
365.2,11.98,75.96,35.49,66.7,93.18,85.81,7.08,8.47,7.31,Mango
159.96,8.42,88.68,30.2,62.0,75.04,71.62,10.51,8.58,8.68,Mango
304.01,9.94,74.3,30.34,47.11,87.32,76.46,8.95,12.44,10.17,Mango
320.26,8.46,85.96,36.9,69.63,57.32,58.45,9.17,11.17,9.04,Mango
227.32,13.19,87.22,18.58,64.78,83.06,61.55,11.77,11.66,9.91,Mango
330.19,9.17,68.81,38.43,49.41,90.46,85.86,7.15,13.65,7.36,Mango
165.97,12.99,82.3,17.31,55.93,69.4,74.98,9.83,10.57,7.28,Mango
175.73,12.02,86.68,21.85,57.81,56.76,89.52,8.22,11.3,7.91,Mango
187.52,14.52,90.72,31.59,71.99,84.63,71.77,8.61,10.91,9.6,Mango
217.81,8.55,76.18,30.06,71.57,62.17,87.17,11.91,14.68,6.34,Mango
266.27,9.98,90.35,24.82,59.36,55.32,63.03,9.82,10.13,9.11,Mango
265.98,12.14,79.8,38.18,46.84,91.02,85.42,8.23,8.04,8.05,Mango
208.25,10.42,90.19,41.32,73.28,55.06,81.29,11.25,13.09,6.52,Mango
282.45,9.67,79.76,16.8,74.89,83.47,58.72,11.61,14.28,8.6,Mango
325.21,10.61,94.24,17.55,43.35,60.34,87.8,7.37,11.97,8.17,Mango
391.05,9.66,72.83,24.45,68.03,83.03,84.41,8.59,9.9,6.37,Mango
200.68,13.46,82.54,19.66,45.75,73.64,71.26,9.68,14.75,7.04,Mango
227.08,9.86,68.6,19.73,64.01,88.06,82.88,7.2,13.85,7.64,Mango
172.8,9.74,75.67,30.4,63.7,65.41,94.63,7.16,10.83,8.26,Mango
337.02,9.75,78.86,39.12,44.89,55.48,88.21,11.91,8.92,10.12,Mango
243.06,12.41,84.34,32.47,49.06,87.51,55.87,7.32,14.32,8.22,Mango
182.2,14.34,89.88,24.95,41.49,73.44,61.72,9.87,13.75,7.97,Mango
157.37,12.78,70.18,21.44,46.55,66.19,90.34,7.17,12.33,7.23,Mango
223.78,10.88,81.52,16.83,49.79,60.49,62.98,11.42,11.68,9.15,Mango
350.54,13.56,94.68,38.46,52.57,76.78,74.39,11.56,11.52,7.94,Mango
194.95,10.23,71.57,41.87,67.25,57.34,94.66,9.65,13.37,11.0,Mango
393.49,8.7,84.71,23.0,68.57,91.69,57.24,11.98,9.54,10.23,Mango
349.35,10.48,90.18,40.36,46.16,78.7,87.25,10.49,14.4,6.14,Mango
325.14,14.63,81.91,31.89,46.59,94.52,90.27,9.46,10.16,8.45,Mango
172.56,9.63,71.56,30.79,40.02,91.72,63.06,7.65,13.02,10.59,Mango
361.07,10.27,65.66,32.6,72.1,85.97,88.86,11.3,14.72,7.87,Mango
385.48,10.77,68.03,24.05,44.78,61.3,92.95,10.96,14.72,9.25,Mango
193.55,14.78,85.81,42.87,67.54,63.93,78.56,7.88,10.15,9.44,Mango
181.84,13.1,93.46,43.46,53.71,94.77,93.61,7.16,12.22,10.61,Mango
391.88,9.55,81.97,43.1,44.92,84.81,64.52,11.91,9.18,10.43,Mango
172.18,12.96,84.17,41.6,55.63,65.61,64.98,7.34,9.8,6.54,Mango
150.32,10.7,86.98,44.07,70.96,74.72,70.15,9.73,8.71,8.4,Mango
229.61,8.6,69.05,45.69,57.21,89.6,78.85,7.27,9.81,6.3,Orange
125.52,7.5,70.62,59.15,81.94,63.26,87.82,8.45,7.93,6.12,Orange
241.37,6.66,76.14,45.5,58.04,67.19,75.7,8.79,8.89,8.92,Orange
139.79,7.13,53.31,41.74,72.15,89.39,74.61,7.44,7.71,7.18,Orange
199.3,8.4,51.99,40.9,60.12,70.21,72.46,9.38,7.23,7.59,Orange
173.36,8.64,48.19,59.04,60.55,90.99,81.08,7.78,7.05,7.86,Orange
133.94,7.07,47.16,66.33,75.02,63.0,80.31,8.17,9.88,8.36,Orange
183.04,9.36,73.64,54.65,71.07,90.34,84.24,9.53,7.91,6.32,Orange
235.42,8.86,62.57,71.52,79.01,83.71,88.61,6.48,9.03,6.69,Orange
247.66,9.89,73.3,44.42,67.7,94.59,83.06,9.99,8.51,9.34,Orange
138.68,9.64,77.0,42.35,66.64,73.91,79.78,7.1,7.83,9.49,Orange
217.98,8.49,63.29,54.69,67.43,65.19,87.64,9.03,9.76,9.7,Orange
184.4,6.4,55.01,58.75,65.32,74.38,81.49,7.94,8.44,6.15,Orange
141.31,6.58,66.3,64.28,56.16,91.14,79.94,6.95,8.98,9.68,Orange
234.55,6.08,73.61,50.61,63.41,77.21,90.89,6.39,9.48,6.54,Orange
246.13,7.77,73.9,49.43,67.5,82.59,75.64,6.85,9.3,8.96,Orange
213.92,9.47,73.74,58.03,59.77,70.89,85.2,6.54,9.41,9.52,Orange
104.34,6.77,74.15,69.29,62.48,75.98,97.54,8.82,7.1,9.29,Orange
175.77,8.54,49.34,41.07,66.17,80.79,75.33,9.48,8.35,7.4,Orange
124.53,9.58,71.21,64.11,63.55,73.53,74.89,8.29,9.86,9.43,Orange
197.11,8.71,54.42,54.33,55.6,87.31,93.03,6.04,9.65,8.59,Orange
190.17,6.03,53.83,68.18,64.16,93.85,89.28,7.7,7.51,7.39,Orange
137.8,7.87,68.7,68.85,66.91,63.58,85.35,8.65,9.37,7.5,Orange
197.1,8.44,55.45,43.78,56.92,94.59,89.22,9.45,7.04,8.84,Orange
233.86,7.2,50.25,66.79,81.99,88.19,94.07,8.4,8.64,8.72,Orange
208.19,8.62,79.91,49.08,67.56,73.59,71.06,8.83,8.29,6.76,Orange
208.98,6.89,63.71,67.47,82.2,83.52,85.22,9.38,9.36,9.51,Orange
127.17,6.39,49.48,49.05,79.25,86.7,75.49,8.72,7.34,6.36,Orange
153.29,8.98,55.75,67.58,64.94,69.12,78.82,9.4,7.88,9.47,Orange
187.54,9.78,47.49,71.13,70.01,90.36,81.45,7.19,6.22,9.42,Orange
120.6,6.8,59.32,59.93,82.2,76.02,79.49,8.86,9.12,7.95,Orange
194.65,6.71,67.21,40.16,63.21,86.64,75.06,9.06,7.96,9.05,Orange
113.21,8.46,67.17,54.12,83.96,73.42,71.13,6.8,7.49,6.06,Orange
148.33,9.33,51.67,63.69,73.8,68.71,90.81,7.38,6.52,7.53,Orange
188.3,6.67,73.83,50.44,63.72,85.47,87.89,7.35,9.55,9.98,Orange
151.41,9.61,57.57,46.59,83.44,92.14,82.1,6.91,8.91,6.52,Orange
210.11,8.36,50.91,52.83,74.52,61.31,96.3,7.02,8.14,6.19,Orange
249.2,8.65,67.87,40.69,75.69,74.59,81.41,8.19,7.9,6.61,Orange
204.28,8.52,55.54,63.16,74.87,69.45,88.17,6.55,9.32,6.42,Orange
207.81,6.47,48.99,43.72,60.96,66.99,77.89,8.09,6.81,8.81,Orange
144.3,6.16,62.37,47.27,82.99,71.57,70.08,8.69,9.63,9.34,Orange
200.35,6.6,48.15,57.91,76.71,63.55,77.68,6.92,9.95,7.18,Orange
169.64,6.4,51.11,41.38,63.72,88.06,79.38,8.95,6.38,9.03,Orange
106.88,9.41,68.22,45.97,65.73,75.32,88.65,9.51,6.37,9.26,Orange
127.43,7.6,78.68,49.51,66.57,89.77,94.0,8.6,9.19,6.45,Orange
204.43,6.23,77.99,45.58,67.48,80.68,94.07,8.71,6.73,7.52,Orange
153.79,6.12,68.96,69.35,84.2,64.57,97.61,6.45,7.65,6.18,Orange
139.24,7.26,69.66,63.73,78.03,80.18,86.95,9.91,8.68,7.35,Orange
178.47,8.8,48.33,63.16,62.46,72.1,90.29,7.54,9.36,8.23,Orange
248.17,6.22,67.52,45.49,80.47,89.82,96.08,6.3,7.97,6.96,Orange
245.52,6.2,52.79,62.52,67.1,68.22,83.77,9.21,7.79,9.43,Orange
167.06,6.47,62.41,62.87,58.08,74.43,86.71,6.0,6.36,8.42,Orange
192.86,7.22,62.79,47.24,75.14,93.26,80.9,6.22,6.89,7.82,Orange
184.02,8.48,61.56,63.0,76.48,63.99,92.78,6.89,7.37,9.32,Orange
244.67,7.17,63.27,64.57,56.37,65.75,74.21,8.87,8.89,6.43,Orange
191.63,6.75,77.56,53.75,68.71,87.35,91.5,6.43,7.66,9.71,Orange
225.62,8.36,72.03,55.77,74.75,93.47,74.04,8.0,8.12,6.19,Orange
240.3,9.36,61.9,57.79,82.63,66.2,87.36,8.92,6.51,7.55,Orange
190.08,9.53,62.64,53.46,84.39,92.06,92.87,7.09,9.85,9.88,Orange
167.93,6.53,59.45,64.5,77.45,70.46,91.04,9.44,8.85,9.74,Orange
194.89,6.8,66.85,50.17,65.36,83.53,99.44,8.6,9.83,8.02,Orange
204.15,7.29,49.04,52.33,69.41,79.97,90.01,7.67,8.99,9.37,Orange
142.89,9.39,73.29,58.3,55.76,65.09,90.11,6.8,9.0,6.64,Orange
142.99,7.0,74.38,64.17,63.85,86.38,70.97,9.26,6.41,9.47,Orange
210.92,9.46,70.98,59.64,62.13,87.45,93.96,7.15,8.66,9.71,Orange
158.13,9.83,79.15,50.94,71.56,60.45,77.54,8.48,9.12,9.48,Orange
224.5,9.65,69.66,62.67,77.65,79.13,88.1,9.1,9.86,7.18,Orange
126.61,8.73,51.54,46.08,70.42,73.2,82.86,8.23,6.52,8.34,Orange
138.25,7.32,69.84,45.42,59.61,71.29,71.53,9.73,8.46,8.65,Orange
173.58,8.29,57.53,67.44,64.54,67.7,75.52,6.27,8.02,7.66,Orange
180.56,6.37,52.74,47.47,64.96,72.63,76.55,9.01,8.12,9.99,Orange
223.55,9.92,45.31,63.41,68.37,91.66,88.41,8.48,9.84,8.73,Orange
148.14,9.66,78.07,53.51,71.21,69.9,97.34,9.29,7.5,9.21,Orange
166.83,6.18,76.44,46.74,70.42,93.19,75.02,9.83,8.15,6.03,Orange
109.82,8.68,72.08,70.27,67.73,63.64,86.13,8.81,9.9,9.1,Orange
196.98,9.76,71.14,45.38,68.78,71.61,72.63,6.22,9.18,8.23,Orange
186.24,6.91,54.05,53.58,73.91,75.16,70.51,8.69,8.14,8.57,Orange
192.75,9.02,65.5,64.53,57.18,92.48,73.18,9.15,7.21,6.35,Orange
214.79,7.75,58.83,63.13,69.22,78.67,74.09,7.56,9.19,8.18,Orange
244.02,6.58,68.71,72.0,78.85,85.53,81.19,9.8,8.21,8.22,Orange
118.49,6.02,65.88,58.8,83.41,70.66,92.45,9.61,7.38,7.65,Orange
196.89,8.05,50.63,47.73,80.04,66.8,75.44,9.2,9.41,9.41,Orange
239.86,9.98,61.14,59.24,63.72,62.36,72.95,8.9,7.95,7.32,Orange
119.23,8.62,48.5,61.68,82.0,71.12,83.52,8.47,7.22,8.34,Orange
184.83,7.46,56.07,54.99,55.14,68.62,76.65,8.96,7.74,9.36,Orange
120.15,8.93,75.73,56.2,65.76,70.69,86.55,6.7,8.43,9.37,Orange
228.81,6.56,63.85,49.21,81.59,62.68,72.26,6.07,8.03,6.12,Orange
187.28,7.62,65.65,71.72,71.55,79.02,99.96,7.89,9.1,7.46,Orange
133.5,9.09,70.66,50.18,68.94,77.86,81.9,8.01,8.65,9.39,Orange
220.98,8.46,50.8,57.99,68.39,66.27,98.46,8.64,9.87,8.94,Orange
172.53,7.44,52.66,57.07,56.89,72.93,71.28,6.83,9.63,7.45,Orange
170.45,7.82,46.63,74.32,64.72,84.63,85.64,9.32,9.34,7.05,Orange
181.65,6.7,67.88,52.79,74.6,89.24,85.5,7.51,9.63,8.07,Orange
152.93,9.47,62.04,56.87,73.13,77.56,74.17,6.66,6.31,8.57,Orange
131.73,6.75,57.68,65.11,58.55,68.06,94.34,8.88,7.93,7.92,Orange
131.61,6.64,74.17,40.79,56.29,80.07,74.83,8.52,6.16,8.29,Orange
108.39,7.03,51.3,73.54,72.98,79.73,70.56,8.88,8.65,7.13,Orange
112.86,7.8,79.75,70.36,60.12,89.06,88.03,9.18,9.28,6.73,Orange
198.95,7.06,70.35,51.99,68.6,80.67,76.89,7.54,6.43,6.81,Orange
228.94,8.02,59.69,45.23,57.89,76.66,88.44,6.16,9.14,8.01,Orange
13.53,4.93,59.56,46.12,58.1,90.88,92.12,3.95,5.09,3.11,Strawberry
11.3,5.12,63.03,53.08,56.58,70.25,85.62,4.22,6.05,4.09,Strawberry
12.93,3.54,71.7,33.14,59.36,66.33,95.69,3.23,3.76,4.13,Strawberry
33.68,5.31,59.12,25.25,51.18,82.51,76.06,3.09,3.62,3.95,Strawberry
17.61,6.42,69.82,37.8,36.02,82.22,91.42,3.24,6.14,3.45,Strawberry
21.11,5.22,63.88,35.73,38.77,83.22,90.75,4.56,5.64,4.24,Strawberry
23.4,5.8,60.66,32.51,41.02,68.54,84.27,4.09,5.83,2.48,Strawberry
38.94,3.02,58.19,30.09,62.03,72.42,67.24,2.67,3.32,2.11,Strawberry
21.53,6.94,76.49,43.24,53.46,78.9,98.1,4.46,5.56,3.32,Strawberry
16.05,5.63,83.14,35.01,26.34,78.98,83.05,2.7,3.68,2.11,Strawberry
17.18,3.0,60.51,59.89,56.19,69.13,78.83,3.76,5.07,4.21,Strawberry
12.06,3.36,64.96,54.04,61.6,68.92,98.72,2.83,5.43,2.58,Strawberry
37.89,5.3,64.14,39.25,29.26,57.9,75.3,4.84,6.21,4.87,Strawberry
36.28,6.25,75.12,49.3,63.64,77.53,91.95,4.27,6.84,3.38,Strawberry
23.82,5.35,55.96,29.07,27.7,80.35,99.8,4.03,3.92,2.95,Strawberry
38.66,5.07,55.34,54.13,34.93,58.72,88.58,4.46,3.3,4.79,Strawberry
24.3,4.41,86.3,34.42,62.88,82.32,96.85,3.5,3.8,4.21,Strawberry
36.18,3.83,62.1,33.74,49.74,61.24,68.73,4.76,5.7,3.99,Strawberry
28.41,6.06,73.95,26.48,44.29,79.83,82.23,4.96,6.59,4.61,Strawberry
24.72,6.94,87.06,34.81,33.88,78.07,66.9,4.4,4.91,3.62,Strawberry
25.07,4.57,79.02,31.12,64.06,82.93,81.1,4.07,3.05,2.63,Strawberry
27.43,4.3,76.45,34.09,46.94,64.49,81.5,3.84,4.46,3.5,Strawberry
16.32,5.8,68.03,54.9,36.19,62.2,69.59,3.73,3.91,2.3,Strawberry
18.1,3.94,70.13,38.33,30.83,93.37,70.23,4.42,3.71,3.5,Strawberry
39.87,6.4,73.1,50.22,56.41,67.0,84.67,3.7,4.59,4.07,Strawberry
11.8,6.26,71.68,47.05,42.99,68.39,77.63,3.68,6.73,2.77,Strawberry
10.6,3.48,85.36,58.71,32.96,78.04,87.72,2.52,6.12,3.07,Strawberry
30.2,4.95,80.78,56.14,40.24,66.46,87.11,2.43,3.67,4.42,Strawberry
20.12,5.53,75.01,54.71,27.85,61.48,72.99,2.95,4.17,2.8,Strawberry
29.34,4.08,70.57,55.2,39.53,78.48,98.79,3.24,3.74,2.07,Strawberry
31.83,5.65,87.92,49.52,28.2,61.68,68.61,2.19,6.51,3.65,Strawberry
10.79,4.59,81.77,27.91,35.5,61.21,87.92,4.66,4.24,2.74,Strawberry
18.53,5.51,59.59,54.35,26.14,81.54,95.11,2.98,4.9,4.92,Strawberry
26.22,4.09,70.57,58.93,52.9,62.08,85.92,3.89,5.54,3.69,Strawberry
25.7,5.56,65.84,37.15,46.59,87.19,80.47,3.1,4.04,2.91,Strawberry
10.0,6.26,84.68,37.04,43.77,55.33,97.27,4.84,4.91,2.03,Strawberry
22.91,4.17,63.09,25.25,39.95,71.47,84.62,3.18,3.65,4.21,Strawberry
21.69,4.51,64.2,39.78,34.58,85.58,96.85,4.42,5.74,2.85,Strawberry
32.29,6.24,69.45,54.87,32.3,66.58,87.29,3.85,4.09,3.87,Strawberry
15.63,3.08,56.74,43.72,32.44,59.09,74.42,4.15,5.91,2.7,Strawberry
14.52,4.97,66.97,35.91,56.98,94.92,81.23,4.37,4.32,4.53,Strawberry
38.55,3.22,82.15,27.5,43.81,62.69,94.45,4.45,6.31,2.37,Strawberry
33.04,4.0,81.99,40.5,54.5,56.34,81.13,4.31,5.08,4.95,Strawberry
24.18,5.73,65.92,36.31,50.17,56.69,97.81,3.56,4.01,3.92,Strawberry
15.96,6.55,85.23,32.62,29.52,80.32,76.36,2.5,4.1,2.36,Strawberry
33.67,3.04,56.47,52.42,44.01,78.85,78.0,2.27,3.63,2.27,Strawberry
28.56,6.72,89.89,46.88,27.39,80.78,89.55,4.37,3.5,2.7,Strawberry
39.45,6.15,81.48,53.19,42.55,62.72,89.12,3.07,3.54,4.7,Strawberry
24.56,4.75,65.32,49.4,32.59,62.47,77.17,4.2,4.1,4.49,Strawberry
37.43,5.22,57.41,30.43,36.83,65.53,77.85,2.0,5.55,3.14,Strawberry
15.57,3.07,84.99,52.16,34.55,83.84,88.04,3.62,4.55,3.57,Strawberry
24.93,5.21,76.46,36.29,50.64,59.42,83.31,2.2,6.34,2.39,Strawberry
36.2,3.81,71.99,28.46,47.84,88.45,88.03,3.58,5.81,2.77,Strawberry
20.99,5.42,57.48,57.56,33.35,74.66,96.14,2.24,6.2,2.18,Strawberry
26.74,6.75,69.56,37.92,53.34,87.95,74.3,2.12,3.28,2.91,Strawberry
38.34,6.84,58.4,50.38,46.27,62.58,83.42,2.75,5.5,2.54,Strawberry
32.48,4.66,58.69,47.35,39.32,73.35,88.28,4.65,3.67,2.54,Strawberry
22.05,4.35,60.54,59.95,42.72,69.09,76.03,4.97,4.3,3.12,Strawberry
32.93,4.72,80.41,46.29,47.53,63.56,91.8,4.78,4.02,4.88,Strawberry
23.42,4.59,80.42,59.4,48.83,75.7,99.77,2.91,4.2,2.67,Strawberry
35.67,3.09,83.77,49.14,36.04,77.15,84.47,4.78,3.62,2.11,Strawberry
20.67,3.55,67.85,45.38,34.32,87.44,68.22,3.2,6.67,4.2,Strawberry
31.71,6.17,61.05,53.9,52.58,78.05,96.77,3.79,4.2,4.19,Strawberry
27.29,3.31,56.96,51.98,38.92,87.69,79.58,4.6,6.48,2.68,Strawberry
29.58,5.41,55.4,52.21,40.3,67.19,66.44,3.62,3.6,3.51,Strawberry
16.62,3.2,80.61,38.75,42.82,78.81,82.67,2.67,4.16,3.18,Strawberry
13.97,3.33,75.0,26.73,40.97,58.4,82.56,4.32,3.52,2.4,Strawberry
26.78,4.95,77.83,31.86,49.64,84.43,73.62,2.21,6.11,2.97,Strawberry
37.72,3.36,78.51,39.82,38.93,67.83,85.79,2.07,4.22,4.96,Strawberry
28.49,6.96,70.48,30.1,26.8,87.73,71.99,3.12,6.03,4.56,Strawberry
13.37,3.22,88.21,57.44,59.75,87.81,65.48,4.08,3.45,3.35,Strawberry
10.68,3.84,73.83,32.13,45.93,65.35,81.91,4.19,3.57,4.1,Strawberry
10.55,5.33,78.22,26.52,31.81,66.36,92.62,3.85,3.21,3.96,Strawberry
10.25,4.55,64.5,54.82,51.4,89.57,65.67,4.6,5.6,2.69,Strawberry
21.42,6.91,58.49,36.04,59.67,76.26,71.52,3.5,4.83,4.78,Strawberry
10.64,3.99,73.53,36.67,40.74,61.28,77.14,3.06,5.5,2.71,Strawberry
39.35,5.01,83.42,46.9,60.15,90.62,93.52,2.09,5.22,2.84,Strawberry
14.55,6.59,77.99,28.07,40.29,93.42,86.44,3.88,3.91,2.72,Strawberry
14.58,6.88,86.84,36.52,46.69,63.27,69.85,3.62,6.2,4.59,Strawberry
19.27,5.82,73.33,29.73,64.83,94.03,70.08,4.8,6.67,2.95,Strawberry
26.72,6.79,59.14,36.12,60.19,84.08,91.79,4.64,4.66,3.23,Strawberry
23.29,6.74,86.29,57.66,35.95,86.16,68.74,2.55,6.05,3.84,Strawberry
18.01,5.27,63.08,33.13,52.5,69.37,89.08,3.43,5.01,3.81,Strawberry
31.36,4.5,84.82,42.2,30.5,62.73,66.13,4.29,3.06,2.81,Strawberry
22.39,5.97,89.59,51.52,27.65,92.08,99.5,4.6,4.96,2.97,Strawberry
23.73,3.99,69.17,26.46,54.41,70.21,75.95,3.83,5.97,3.78,Strawberry
25.76,6.5,82.54,43.22,43.06,88.08,66.48,4.99,5.07,3.19,Strawberry
32.06,5.23,73.06,47.07,26.97,66.65,78.93,2.91,6.31,3.38,Strawberry
22.67,5.45,56.91,43.09,30.69,88.2,80.81,4.17,3.45,4.34,Strawberry
38.14,5.78,59.74,39.47,43.04,62.16,85.66,4.14,3.81,3.36,Strawberry
17.5,5.77,86.75,52.88,53.73,59.94,69.0,3.35,4.45,3.57,Strawberry
21.52,6.16,72.91,58.24,40.15,70.22,91.89,4.74,5.26,3.98,Strawberry
14.5,6.48,61.26,49.92,41.78,67.38,91.9,3.34,5.51,2.35,Strawberry
13.95,3.81,76.79,33.86,43.35,89.22,84.02,2.02,6.53,2.71,Strawberry
27.67,4.9,69.36,27.78,49.0,64.79,84.16,3.86,5.23,4.48,Strawberry
11.47,3.59,77.86,26.29,59.15,81.68,94.33,2.9,6.68,2.15,Strawberry
22.51,3.71,78.52,46.39,52.66,78.8,92.56,2.53,4.82,3.74,Strawberry
37.94,3.37,65.48,37.9,40.16,57.71,79.96,3.65,4.17,2.4,Strawberry
30.84,4.1,73.45,43.36,52.83,79.48,68.83,4.19,5.52,4.96,Strawberry
24.51,5.75,87.69,59.52,36.49,79.35,76.08,3.58,6.98,3.06,Strawberry
