Fruit,Fruit_Size,Fruit_Weight,Fruit_Width,Fruit_Height,Fruit_Color,Fruit_Texture,Sweetness,Acidity,Ripeness
Apple,7.7483570765056164,177.2347139765763,7.323844269050346,8.566120899485618,Red,Smooth,7.312677300221331,3.8126904344406554,Ripe
Apple,8.289606407753695,195.34869458305818,6.765262807032524,7.879792030510175,Red,Smooth,7.12926584575003,3.6274161971437944,Ripe
Apple,7.620981135783017,141.73439510684403,6.137541083743484,7.106398729531319,Red,Smooth,6.689735103732461,4.2513978660762195,Ripe
Apple,7.045987962239394,151.75392597329417,7.732824384460777,7.341956589659425,Red,Smooth,7.554022563750339,2.8602014510292344,Ripe
Apple,7.227808637737409,182.21845179419734,6.424503211288848,7.76298861284197,Red,Smooth,7.019489048064956,3.7666450001653784,Ripe
Apple,7.199146693885302,217.04556369017877,6.993251387631033,6.75960234973087,Red,Smooth,8.158035929682551,3.023325080023182,Ripe
Apple,7.604431797502378,140.8065975224045,6.335906975550785,7.6378028651083865,Red,Smooth,8.09077326399633,4.137094624951977,Ripe
Apple,7.4421758588058795,173.97792608821422,6.260739004816286,6.996109054123704,Red,Smooth,7.13148898323217,4.845697780975133,Ripe
Apple,7.6718091447842305,144.73919689274533,7.162041984697398,7.230442403708579,Red,Smooth,6.958462399755233,4.489341031072694,Ripe
Apple,8.015499761247975,198.62560238232396,6.580391238388681,7.28355133690415,Red,Smooth,7.765010745122851,4.780436101697887,Ripe
Apple,7.260412881077355,176.28682046672367,6.446832512996986,6.66265536314353,Red,Smooth,8.15002065791536,5.0849920228566585,Ripe
Apple,7.463994939209833,200.07065795784047,7.180818012523817,7.048416171776413,Red,Smooth,7.7891164844067315,5.230429253172775,Ripe
Apple,7.4820869804450245,211.29287311628013,5.690127447955128,8.075331753062656,Red,Smooth,7.569637654590537,3.760794119627306,Ripe
Apple,7.545880388267751,140.24862170798215,6.890164056081244,7.749978800058223,Red,Smooth,8.682315235793213,3.585383825381082,Ripe
Apple,7.095753198553406,169.96485912830926,7.457701058851037,7.7301257767617795,Red,Smooth,7.076191836986369,4.410613946490685,Ripe
Apple,7.54853877467402,199.37289981065777,6.648973453061323,7.270636497381562,Red,Smooth,7.186313477494274,2.829188041494305,Ripe
Apple,7.648060138532288,185.2211054435978,7.00255672832123,7.335789006637397,Red,Smooth,6.367703406359668,3.663483741787713,Ripe
Apple,7.328642741736616,163.9544546155676,6.919357144166995,7.782835599770177,Red,Smooth,9.008948720968425,4.139662250265471,Ripe
Apple,7.628775195361382,178.51108168467667,6.040614392350479,7.481440287185548,Red,Smooth,7.548184167952821,5.970593689988229,Ripe
Apple,7.403819517609438,186.03094684667224,6.982644115147378,6.681925373666328,Red,Smooth,8.414258251612017,4.60154642614942,Ripe
Apple,7.8955159735215235,161.8122509041052,7.701397155468049,6.518704256045403,Red,Smooth,7.969485675040216,5.752364500647983,Ripe
Apple,7.004731837434655,168.67404540794456,7.049825682543821,7.147567042118661,Red,Smooth,6.259469255147094,4.054850379844821,Ripe
Apple,6.968848143136947,189.47184861270364,6.540287882883098,8.584954083512278,Red,Smooth,6.873397366131011,3.7423507870354595,Ripe
Apple,7.906758608684835,155.3827136713209,7.113729967302064,8.4149999279977,Red,Smooth,6.214013412351018,4.147707086825843,Ripe
Apple,7.629941397124211,195.63645743554622,6.381524644560959,6.575680370841007,Red,Smooth,7.917553252493518,4.237587738586549,Ripe
Apple,7.625246425172938,186.9289641899395,6.659987639210755,7.662577588012702,Red,Smooth,7.734457978638945,3.428518865578906,Ripe
Apple,8.432887255572378,189.47665841823576,6.404348251398676,7.959587526043681,Red,Smooth,6.720254663818142,4.629667682993961,Ripe
Apple,8.079297789503702,163.5863536329658,7.481688064622161,7.788946648855549,Red,Smooth,8.157648127995593,5.517434386123158,Ripe
Apple,7.377305941998565,164.9252767128502,6.555242785187239,6.928932800524193,Red,Smooth,7.438318632468716,4.272921579853315,Ripe
Apple,7.63834539966501,196.54366498072048,7.006500945938954,8.517473854010122,Red,Smooth,7.288274533409635,6.176135333271695,Ripe
Apple,7.812833673882503,162.85684887167434,6.4645537509694435,7.83773069067023,Red,Smooth,7.321229771739319,4.5712003952736735,Ripe
Apple,7.736618812286772,178.54342174686255,6.576603140965798,6.4396069427198945,Red,Smooth,7.142788038346383,4.6851190354587775,Ripe
Apple,7.607046872065102,155.08522442576023,7.086590462925591,7.769722165810186,Red,Smooth,6.7929140510390935,4.122980084756422,Ripe
Apple,7.529104359223,157.14059404338752,7.178893680174141,7.892549168457764,Red,Smooth,8.366440994540222,4.843041641627923,Ripe
Apple,6.811165316021454,161.24349920169755,7.25751763360433,7.859650165638546,Red,Smooth,7.912038149044839,7.082185192523777,Ripe
Apple,7.785445255346583,202.71131280361197,7.477000881746601,7.955973875914059,Red,Smooth,7.247784604287723,4.607175376394614,Ripe
Apple,7.113587392731214,175.26362786519982,6.757318226085448,7.557311897570425,Red,Smooth,9.351726853338807,2.5061878459266014,Ripe
Apple,7.843130095187257,147.74568257620697,6.764034067105284,8.262265417877156,Red,Smooth,7.55142401527637,3.1378041776565553,Ripe
Apple,7.142348145370016,193.5919549786935,6.634816684141431,7.6515210127073825,Red,Smooth,7.536457471923051,3.478719721915346,Ripe
Apple,8.571972044662663,192.67838044636022,5.987428706671197,7.6305180203386,Red,Smooth,6.97057082818529,4.681946667836979,Ripe
Apple,7.103739630783649,177.70527117066203,7.252493639490228,8.106028635919085,Red,Smooth,6.539762874355379,3.7323990113272414,Ripe
Apple,7.262527344419522,166.93341534852576,7.882727120140548,7.7834871976726685,Red,Smooth,6.491292836531963,4.734289557643821,Ripe
Apple,8.561078098506316,200.64930521102295,6.2403150170229935,7.161036148993624,Red,Smooth,8.513528919349298,3.4338644275049752,Ripe
Apple,7.7219097140731146,195.49268106858673,6.536534764210958,7.45833225075674,Red,Smooth,4.906986127944742,3.180489886932568,Ripe
Apple,7.37371592430342,155.044336360703,7.816205651965817,6.498901035427557,Red,Smooth,7.1479644106424125,4.104592461828873,Ripe
Apple,8.220636644533057,151.2827569764112,7.58158187607748,7.507163142713711,Red,Smooth,6.714793079161639,4.369682779410617,Ripe
Apple,7.5995298477867355,167.9956624568241,7.03490104249501,7.230280482196768,Red,Smooth,7.590813876200999,4.529704539616837,Ripe
Apple,8.293008408072676,155.24369002346302,8.066516687328134,6.133538540334249,Red,Smooth,7.378571923971533,4.470653765187661,Ripe
Apple,7.640495933867516,167.54600960358812,6.895938874821362,7.1548993457388175,Red,Smooth,7.028508194444631,4.67968167761682,Ripe
Apple,7.678507742982523,166.1418080947869,7.449799937716626,7.715109664613626,Red,Smooth,8.150289695071168,4.503703073538889,Ripe
Apple,7.0855024945389635,168.7963791960606,7.373646802561631,7.927259185803425,Red,Smooth,7.483278724828682,4.093861906647025,Ripe
Apple,8.138832447894213,168.1685722232834,7.273548690585019,7.358465143296274,Red,Smooth,7.325855037418224,4.879021481589752,Ripe
Apple,7.912708174494015,196.27019272001277,7.652739403577165,7.514702689142931,Red,Smooth,8.04556237703597,3.7517865947252353,Ripe
Apple,7.662083176244221,177.3971389126463,7.048497982496359,7.91660991780584,Red,Smooth,6.845423453413222,5.673909820548368,Ripe
Apple,6.996991309250149,155.71622774424537,7.579055436750034,8.054163885774056,Red,Smooth,7.9992958536417245,4.502676407411424,Ripe
Apple,7.493876613576543,162.05491257028336,7.037902279096863,7.025986801941522,Red,Smooth,8.2800957867342,3.882354094798289,Ripe
Apple,7.087251401603744,173.57228316694014,7.206465727137812,7.105392813037218,Red,Smooth,6.842223683546855,4.19494976919353,Ripe
Apple,7.622483285554361,169.8611364925774,6.764480847190838,7.662434956150346,Red,Smooth,6.3415325268021405,2.874028980498756,Ripe
Apple,7.140777889373782,175.73105696576306,7.155453782799002,8.532749351864686,Red,Smooth,8.186127698561616,3.8720491760292584,Ripe
Apple,7.490491896048655,159.94941270724382,6.990743432003805,7.297938952755903,Red,Smooth,7.758174848270472,3.3382152451581417,Ripe
Apple,7.759673257120586,210.65477826005156,6.945619925771571,7.781198205469259,Red,Smooth,8.05211519336889,3.679023622491331,Ripe
Apple,7.612046240905208,180.2518480156359,7.048838049274416,6.958893151301173,Red,Smooth,7.519608139407154,4.39839863299636,Ripe
Apple,8.225571803897521,199.18541652170413,8.076591228755778,6.962856705978365,Red,Smooth,8.197856509376543,4.146673604590681,Ripe
Apple,8.594901466608835,163.83403429289697,6.580139078909612,7.0804251481891844,Red,Smooth,5.800883420552155,3.579395982655391,Ripe
Apple,7.120433669223151,183.00787572952416,7.17087798788858,8.81331958745112,Red,Smooth,8.26033907054884,3.5384770754700776,Ripe
Apple,7.050792664325821,189.8383834301301,6.339883396489679,8.782021136098047,Red,Smooth,8.44355209657703,3.6246594783162362,Ripe
Apple,6.643432735454561,207.07744748330825,6.942730077373691,8.366471418381423,Red,Smooth,6.224457872964506,3.5204999816369815,Ripe
Apple,7.502621849859092,180.93961187529484,6.774967264260378,7.935994952643249,Red,Smooth,6.645903656493925,3.8860964119829653,Ripe
Apple,7.56014781585595,190.28877668117497,7.355807439044445,6.712750535713491,Red,Smooth,6.272708663411502,5.022141457518807,Ripe
Apple,7.666157005989795,165.03026926886892,7.775575987761261,7.580972244005001,Red,Smooth,8.44343774725106,4.054014785128087,Ripe
Apple,8.530373962440994,215.10681684886407,6.875517925760463,8.180099665668049,Red,Smooth,8.016300759668118,5.0949052460258795,Ripe
Apple,7.017538269709948,193.7210291999688,7.529212243424794,6.26888235950382,Red,Smooth,6.55339318986738,2.3686142577919194,Ripe
Apple,7.365296582777721,194.35084511591924,7.751178526048014,7.551866346293843,Red,Smooth,8.802892436457034,2.8959188334280865,Ripe
Apple,6.648308780322423,178.88904602206762,7.192032724469653,7.477113676334135,Red,Smooth,5.8460463199680985,3.9287039683897693,Ripe
Apple,6.847765249747574,193.39345097660077,7.183299123048424,6.8420841495708515,Red,Smooth,7.088906466130645,3.152629182488839,Ripe
Apple,7.468660451363414,199.10284641002477,6.5071369768322285,7.852832560862491,Red,Smooth,7.0757939053020475,3.3657017341901247,Ripe
Apple,7.446484820022721,159.29515355161251,6.723175347326409,6.661485475187806,Red,Smooth,9.071780106333112,4.0282108415773825,Ripe
Apple,7.150137246003707,184.27959821468443,6.9438359751545855,7.345321280326744,Red,Smooth,7.99133336003474,4.606006168037844,Ripe
Apple,7.234749426194736,168.4836351871064,6.862474151424178,5.88865518468509,Red,Smooth,6.287847150241158,5.09349941395562,Ripe
Apple,8.322483856750642,175.01927920887243,7.288278481527883,7.7178751081804755,Red,Smooth,9.96310464676419,4.895659929147661,Ripe
Apple,7.436041204259617,160.88919118799149,6.196776839871214,7.6424245451070565,Red,Smooth,6.894919403772557,2.862197032321861,Ripe
Apple,7.176713557878736,158.3690399277121,7.843570817536282,8.117147829864615,Red,Smooth,7.493621886946706,5.183955311112021,Ripe
Apple,7.538684153823809,162.77431597343474,7.761562038634828,7.877237030579261,Red,Smooth,6.670203076538835,3.8477290575331136,Ripe
Apple,7.062190873307621,152.34400538071327,7.46308877376582,8.83659164832909,Red,Smooth,6.381145940944687,4.450375389352457,Ripe
Apple,7.174678715439087,170.25749232470608,6.703803037880565,6.895206461224129,Red,Smooth,7.538817302355862,3.33523990687117,Ripe
Apple,7.635228412889919,178.99523781101726,6.880525976566795,6.8647054365708815,Red,Smooth,7.0385829355453335,4.604312980660605,Ripe
Apple,7.750458593812191,160.44889510402896,7.049666152714613,8.025970986360253,Red,Smooth,6.164475775102902,4.434688153903948,Ripe
Apple,7.168688120527077,191.41197337186318,6.618370421728741,6.236582529534837,Red,Smooth,6.19796604969347,4.038467957329106,Ripe
Apple,7.629861250860741,161.91366749791183,7.319296229388687,6.336935956411728,Red,Smooth,7.447136161082147,3.0311870401900345,Ripe
Apple,7.17408194609892,180.94797342632828,6.569793317358024,7.230811119039123,Red,Smooth,8.305034247371552,3.538486504381481,Ripe
Apple,7.9178460560325705,157.40586290684763,7.2649020889576414,8.50909803446053,Red,Smooth,5.522684399898169,3.3624837956236187,Ripe
Apple,7.78853606359027,175.93909227914014,7.185572936685654,7.077210369298926,Red,Smooth,7.5692718299783195,3.8754582116863365,Ripe
Apple,8.083891030829903,185.08841686602426,7.168801331037601,7.211686123714273,Red,Smooth,7.109915020742005,3.653953449744303,Ripe
Apple,7.6972260711891485,171.58031038359474,7.1448874284482065,8.952780559051806,Red,Smooth,8.196899762745353,3.739181174265727,Ripe
Apple,8.100606961081972,171.83849253956896,5.980937732411073,6.794339582357817,Red,Smooth,6.003366463179315,3.718789212766953,Ripe
Apple,7.509209189594776,213.52874624550566,7.163463686882081,7.346629629833795,Red,Smooth,8.163524464946791,2.2310917527936915,Ripe
Apple,7.617807279054283,195.41730387773933,6.26070687711008,8.300627830244851,Red,Smooth,7.770797125995531,3.667769668879359,Ripe
Apple,7.8163909330531425,225.41385715608791,7.090933127529247,7.673754410410235,Red,Smooth,7.132511280367805,3.3201245044281666,Ripe
Apple,7.915167908272123,162.87832348182266,7.035783118609697,7.165639787264419,Red,Smooth,7.883183860597113,4.2669296842295585,Ripe
Apple,8.01876997212895,169.79967202290507,6.865062532353314,6.814865398952385,Red,Smooth,7.1445653919391106,4.301840394435882,Ripe
Banana,6.878494308322676,101.5566935164475,3.93480296005283,16.948946501163466,Yellow,Smooth,8.830747922578961,3.501436650046453,Ripe
Banana,6.113105400448213,95.10690593377166,2.610639875547861,17.047231018042428,Yellow,Smooth,9.023492525083245,1.9555322632716359,Ripe
Banana,6.639984313159911,97.49021905403247,4.722875989808413,16.090454827382658,Yellow,Smooth,8.587515835683915,2.5806132991189537,Ripe
Banana,6.740504615868357,124.47768048558262,3.104762772277344,16.330027849995197,Yellow,Smooth,10.0,3.0763360369239825,Ripe
Banana,7.296593313319699,109.7756864713763,3.0051975898707095,15.911949155930246,Yellow,Smooth,8.544579929830956,2.8753532147767586,Ripe
Banana,5.65376768514259,150.59100638921228,3.4209960507105053,15.701183251036806,Yellow,Smooth,7.690316499791866,0.6761146625073844,Ripe
Banana,6.911585291980957,121.46635934376808,2.855019550129473,15.093444859555468,Yellow,Smooth,8.231372240567897,3.3352172202315145,Ripe
Banana,6.370204324318197,89.93714093763788,3.3771284679570277,15.80909350117663,Yellow,Smooth,6.342490685646743,1.9565641067857502,Ripe
Banana,6.384532734895661,133.92412729626835,4.424478047472673,16.78859552068343,Yellow,Smooth,8.284889047556135,1.1147792730066637,Ripe
Banana,7.786679901624931,121.18436868028977,3.506964645956473,15.983112439022998,Yellow,Smooth,8.658467808614285,1.884511670460846,Ripe
Banana,6.213168996559882,109.06282117519216,3.4836233648920008,15.619602660206365,Yellow,Smooth,7.929723373858269,2.0851441821535173,Ripe
Banana,6.372511391289573,150.0798597716538,2.174515095803494,16.76405479634572,Yellow,Smooth,9.496868153998104,0.3412878140734803,Ripe
Banana,6.3286562029598254,112.57118268008418,2.7962441526410893,15.455528318686387,Yellow,Smooth,7.611539323627337,3.401816354738898,Ripe
Banana,6.96783919657373,145.43110189988317,3.8608360320216177,15.20966376014794,Yellow,Smooth,8.080383786976181,2.3914996489823346,Ripe
Banana,5.888936095554027,134.25996860344776,3.3798373009209324,15.737625434715282,Yellow,Smooth,9.068767974562792,2.3554106491888316,Ripe
Banana,6.31951691709046,143.18659606728497,2.959468336200051,16.431154924860984,Yellow,Smooth,8.974481006374708,1.7523628485488079,Ripe
Banana,6.663066511121059,94.97772847229393,3.9620135096034503,15.870568504489908,Yellow,Smooth,8.081821583584768,2.8392073806695115,Ripe
Banana,6.147828154728621,91.83077407272881,2.721685413238048,16.42420696594195,Yellow,Smooth,7.475656518002974,3.403835345587492,Ripe
Banana,5.459035296058139,153.92912736580075,3.6055087336013094,15.932300821690726,Yellow,Smooth,8.06406473055284,2.319308891481657,Ripe
Banana,6.481182648787576,142.06603764033042,3.5571138243310196,16.105211233023315,Yellow,Smooth,8.209110230228916,1.954443501023146,Ripe
Banana,6.6539008844460295,85.7966321468675,2.8259072889471435,16.5202848658159,Yellow,Smooth,8.636692350502354,1.8528133309178567,Ripe
Banana,6.509216966532697,126.95163410723342,3.230120159845319,15.455186692218382,Yellow,Smooth,8.656676204078146,1.2173017779079744,Ripe
Banana,6.704126377857236,85.9483279152432,4.014577818662822,16.33081823768913,Yellow,Smooth,8.704823787451101,2.786152787156411,Ripe
Banana,7.332737222231288,140.2874013003626,2.5795628843341776,15.104296123285009,Yellow,Smooth,8.000145137843457,2.020872840168667,Ripe
Banana,6.758829510234562,105.48512373693069,3.5933833822385393,15.471231947352674,Yellow,Smooth,8.010785757606442,0.8746711225214221,Ripe
Banana,6.038383376944548,92.96630788767332,3.012063373511334,16.73754925762549,Yellow,Smooth,7.740480888934446,4.105905651869913,Ripe
Banana,6.746658950440445,123.69672247389748,3.070821109909393,16.490216915586295,Yellow,Smooth,8.039489739009781,2.097607851716289,Ripe
Banana,7.780042269134397,118.078802005507,4.074636663142838,15.507776502411879,Yellow,Smooth,8.472009207602431,3.416640508508408,Ripe
Banana,6.186516471106116,156.24897115993858,3.853875967727738,15.606273256874013,Yellow,Smooth,9.005926191244416,2.778043559701384,Ripe
Banana,6.810904981108598,88.59550560219087,3.136431412087566,15.826736955113947,Yellow,Smooth,8.440453256719962,2.4965376780405424,Ripe
Banana,6.588850500466627,93.29311282579798,3.6900989255029817,16.427410021698677,Yellow,Smooth,8.947832358344831,2.8646245804436976,Ripe
Banana,6.916961077274452,129.18360158456875,3.4649171442706765,14.837327346538807,Yellow,Smooth,8.843694575306069,2.166150149730489,Ripe
Banana,6.635789418597687,94.46502848359381,2.959471729795869,16.737206997333033,Yellow,Smooth,8.468355876914677,2.5452005578980996,Ripe
Banana,6.51415918806523,120.59512278991491,3.9691419029879986,15.638768690247838,Yellow,Smooth,8.576896621552788,1.630179769035966,Ripe
Banana,6.282751886283842,113.81655753062721,3.6110668858168564,15.664875964835566,Yellow,Smooth,9.504604900458817,1.2843141582243969,Ripe
Banana,6.4065641779193205,111.2053788345165,4.223488942176866,16.137588343558104,Yellow,Smooth,9.325475631574907,0.8115517015704223,Ripe
Banana,6.633525132934629,137.79261591246873,3.5411419946377123,16.745836262545744,Yellow,Smooth,8.086169239919702,3.127477952148464,Ripe
Banana,7.649449061809625,112.74322879120682,3.277248739299614,17.017369133982392,Yellow,Smooth,9.76365771658457,1.5817119782773854,Ripe
Banana,6.2899065914520715,114.36430782278985,2.8277747444828614,15.356943637461061,Yellow,Smooth,7.696687386598345,1.3857619479166972,Ripe
Banana,6.482657556306609,124.68429465073041,4.2752502464070385,15.301152171482846,Yellow,Smooth,9.287457918781268,1.8288089246195929,Ripe
Banana,6.475268145173784,133.49638984333208,2.938638989218851,16.267686822328834,Yellow,Smooth,8.633161766570446,2.3939610112065193,Ripe
Banana,6.644584321953909,169.1060027982179,3.181130007874342,15.628302131498728,Yellow,Smooth,8.00148757886019,1.5556183046717962,Ripe
Banana,6.181306436346741,143.78033062215104,4.210252123994928,15.600477594375366,Yellow,Smooth,7.834115541516617,2.3771324451091234,Ripe
Banana,6.223888477859514,132.65863635511022,3.6014615104256498,14.938979119501937,Yellow,Smooth,9.73800416106405,3.4367021384764174,Ripe
Banana,6.193605654757807,112.24596880128031,3.6429326953624526,16.234119752990917,Yellow,Smooth,9.026835418138264,3.60816363101308,Ripe
Banana,6.411526386252976,104.03405510923092,2.8103403859927365,15.488348972040656,Yellow,Smooth,8.473498421700961,3.4356462908142302,Ripe
Banana,6.241194350481914,124.47575903277797,3.491788551963624,16.83187529141366,Yellow,Smooth,10.0,1.5753049816637434,Ripe
Banana,6.255280278740889,140.88321754138144,3.8409457448131556,17.292695128015225,Yellow,Smooth,8.967142548260771,1.7125663273703524,Ripe
Banana,6.795327415346154,142.17407161165815,3.910241090598682,16.35509182177511,Yellow,Smooth,9.353339751671323,2.935436472356538,Ripe
Banana,7.191079495518764,132.97419775179284,3.416440959841573,16.102699580503327,Yellow,Smooth,9.465207173206686,1.3464514632102111,Ripe
Banana,6.684336654436451,112.13322375345278,3.514372411467409,16.89491630382511,Yellow,Smooth,8.652879254415923,2.0371492385249192,Ripe
Banana,5.82007192951004,134.92507132054442,3.8227420905705376,17.514278306313823,Yellow,Smooth,8.2537774120376,2.175320262131151,Ripe
Banana,6.624691841855378,151.5490655952695,3.452352233806524,16.19531506803924,Yellow,Smooth,8.986317207773231,2.1492872985250866,Ripe
Banana,6.276783192724736,123.88179985796616,4.036815874929886,15.281439290412258,Yellow,Smooth,8.606375739317501,1.4399033480486614,Ripe
Banana,7.097523314462421,89.5362619043245,3.2205390763642057,16.264048312545164,Yellow,Smooth,9.752419223387472,1.9473997911416097,Ripe
Banana,6.222400236653401,157.6231413888118,2.775993049791878,14.460835830365943,Yellow,Smooth,8.852011560042666,1.5983566205179112,Ripe
Banana,5.989383591434644,134.16712894598706,3.6219003568855994,15.60514495848429,Yellow,Smooth,7.475756481063284,2.6979658626241156,Ripe
Banana,6.82510058897933,118.01648272441234,4.423318498023833,15.250940663571694,Yellow,Smooth,7.279579863260209,1.4464735440950043,Ripe
Banana,6.477206991822251,124.86678898645384,3.379381971071835,16.24643877756001,Yellow,Smooth,7.498768460647645,3.155011683258608,Ripe
Banana,6.458924410803716,142.34591663176255,3.671362673188852,16.31972725340765,Yellow,Smooth,8.955813824185762,2.358166848013852,Ripe
Banana,6.821361379933772,146.58305060264863,3.598260584850735,16.49630263031196,Yellow,Smooth,8.428211444570218,3.1520937723595783,Ripe
Banana,6.161803848970365,156.0188086582163,3.4799210246778283,14.998457428517366,Yellow,Smooth,8.602483531928632,1.4551586740200952,Ripe
Banana,6.920321774494362,106.94752041395218,3.27690828339261,14.677321488338128,Yellow,Smooth,8.138154944600739,0.060896538696834535,Ripe
Banana,5.708048588257139,135.20829312288595,3.892900079325416,16.297820293249476,Yellow,Smooth,7.726419085496629,1.9618309150864162,Ripe
Banana,6.498198730454716,96.83270621614915,4.251699150883575,16.61415360340297,Yellow,Smooth,8.32322866093627,2.0215086711956247,Ripe
Banana,6.604191403973776,79.16530263151418,3.3764113087397014,15.522611026401542,Yellow,Smooth,7.698703992084067,1.775119765691236,Ripe
Banana,7.398843263424761,132.8168572253402,3.2144105051086016,16.40080794694931,Yellow,Smooth,9.619484349268802,2.739706946330215,Ripe
Banana,6.529815184960087,107.06126444588853,3.849111656806795,16.275439769795224,Yellow,Smooth,9.216154576022186,2.5081374413455757,Ripe
Banana,7.024776357659667,109.29529576878863,4.158697032817162,16.13831972328468,Yellow,Smooth,10.0,1.4486497455283458,Ripe
Banana,7.367981901582625,123.95821566925295,3.1742909981927756,15.661279916161975,Yellow,Smooth,8.243722153444544,2.339332757121533,Ripe
Banana,6.761417744017749,108.52599992122842,3.4878227038695084,17.499589251028304,Yellow,Smooth,9.88203453608057,2.3490589357392255,Ripe
Banana,6.5190017390841,122.40062653436523,3.8067589863652085,15.284045204361115,Yellow,Smooth,8.294098770061323,0.6651327408979284,Ripe
Banana,6.69961156130264,132.9439187940548,3.258406768850313,17.101790734303023,Yellow,Smooth,7.519387469598127,0.8285000958321438,Ripe
Banana,6.612225909279986,140.9419660522431,4.341963845728935,15.678781015991742,Yellow,Smooth,9.362944666745037,1.9691932243994343,Ripe
Banana,6.41368635002959,137.67319874973344,3.82616143920671,14.896525490111026,Yellow,Smooth,9.681232279780717,3.104073083317961,Ripe
Banana,6.187218649245235,127.91607066874818,3.7470150931413695,16.182471636076734,Yellow,Smooth,8.059755876923663,1.4627013056495586,Ripe
Banana,6.487222964504277,143.45458038518728,3.771800077297216,15.740569967539725,Yellow,Smooth,9.117358968518676,0.0,Ripe
Banana,7.074382850186051,85.20572442443802,3.318779529298434,15.2162310737617,Yellow,Smooth,7.464254819423275,2.9286614299028155,Ripe
Banana,6.266149399344054,126.93007763461432,3.476539710560408,16.333928579056185,Yellow,Smooth,8.561457512848204,0.9736062206491443,Ripe
Banana,6.99813340972357,110.12486833677374,2.7217090506701247,15.70031938732386,Yellow,Smooth,9.70060783250745,2.680177393690794,Ripe
Banana,6.325673932796071,113.01484591363142,3.3391824743913086,17.45372358849259,Yellow,Smooth,8.805548361785243,2.3440333177528556,Ripe
Banana,7.015141727015921,124.77578318053027,3.3704789270896485,15.862555105640515,Yellow,Smooth,8.442718992468748,1.9702222107921268,Ripe
Banana,6.86381477181849,121.03891771614599,3.86632003860779,15.943498393923992,Yellow,Smooth,8.562908152252872,0.4014394523743139,Ripe
Banana,6.958163837351241,126.92976951795985,3.999005054929826,13.972621235264418,Yellow,Smooth,10.0,1.888328297475861,Ripe
Banana,7.054091408368758,99.20188145748938,3.806386952531285,15.262609105778441,Yellow,Smooth,8.000984831443356,3.531225083093429,Ripe
Banana,6.404658799618327,124.34865746359446,3.9350338653443773,16.346977321580823,Yellow,Smooth,8.620335124114861,2.2919688019729803,Ripe
Banana,7.701707792619137,118.8476240593283,3.6005495233574836,16.73545807720533,Yellow,Smooth,9.384420746366388,2.9496242444483043,Ripe
Banana,6.8193651110145925,97.13990174539033,4.316715766150548,15.197558224886919,Yellow,Smooth,8.742108372191227,1.3965793199845136,Ripe
Banana,6.467930826703504,126.5752482060696,3.6606786077251368,16.295344527964698,Yellow,Smooth,9.790969015246917,2.362827441211184,Ripe
Banana,6.377921682354676,139.28174336576714,4.094735244462321,15.140674529404105,Yellow,Smooth,8.977920055879887,2.5609381938487186,Ripe
Banana,6.351218248320004,147.51413626623238,3.4249722064837367,16.087903517430078,Yellow,Smooth,8.361542540572904,2.012463238065174,Ripe
Banana,5.951862456552399,91.19898234811411,4.297252531612486,15.40712705617717,Yellow,Smooth,7.706886120434954,0.27728790911702816,Ripe
Banana,6.180519126155249,93.53820413185004,4.321007580068184,16.706871962539843,Yellow,Smooth,7.949479723857821,3.801948644275447,Ripe
Banana,6.990882743495797,113.50337232982756,2.2502971425632134,17.60365980081352,Yellow,Smooth,7.3883420265891235,0.6836810024344864,Ripe
Banana,7.01128521600482,168.79504812678545,4.192136409255259,16.39473638403665,Yellow,Smooth,8.97580347333223,2.682732447024246,Ripe
Banana,6.879464294893382,125.62382847938751,3.552100551975938,15.956184810470335,Yellow,Smooth,7.896828328906659,1.7754599385065808,Ripe
Banana,5.653521592902307,118.033207464105,3.0057044464245415,15.22748747794896,Yellow,Smooth,8.643915320922783,3.1136018290756793,Ripe
Banana,6.959158303001156,88.58998792753646,3.005185931714831,16.65853983159175,Yellow,Smooth,7.7140100851693525,1.8202934800023802,Ripe
Banana,6.775026049512276,100.6331109027273,3.55268775307298,15.066182153557257,Yellow,Smooth,8.018905884839029,2.2558255473140294,Ripe
Banana,5.7035031332341655,128.80949475920798,3.490181100536659,16.386742968092005,Yellow,Smooth,8.67913130725173,3.0913123439790757,Ripe
Orange,7.062612251323953,151.41188917749494,7.061148751516142,7.380308620325471,Orange,Rough,7.039088056260564,5.532473352963106,Ripe
Orange,6.649004156096622,146.74198164898104,6.298697364100153,8.224703720230858,Orange,Rough,6.004909411686972,4.945675841763274,Ripe
Orange,6.640796367215401,177.89848753888882,6.852525160853986,7.873419450871614,Orange,Rough,6.461207500604905,5.723195329779042,Ripe
Orange,6.582326473370121,202.90298255546776,6.406200790485244,7.216874497158919,Orange,Rough,7.507021504745679,5.831039277961199,Ripe
Orange,6.907356170561146,157.40358600533148,7.021905735989555,6.897098598860058,Orange,Rough,7.771103293435928,7.268418401273081,Ripe
Orange,6.721254107496083,132.60394040841845,6.9558589758243725,8.805796536358024,Orange,Rough,6.357060345624215,6.811293444355254,Ripe
Orange,7.838850407038221,148.9282351658401,7.284491539592637,8.139877636189976,Orange,Rough,6.69669780721001,5.33713571191811,Ripe
Orange,6.709159543025678,139.70486538614267,6.675361227466997,6.14324181326642,Orange,Rough,7.027266774607381,4.884021415153087,Ripe
Orange,7.1168929558953735,128.88208707592744,7.165440116107229,7.583470273126247,Orange,Rough,5.405011485942835,5.799245255878057,Ripe
Orange,7.613834496236646,135.8071796261759,7.836286193418852,7.2933133065562314,Orange,Rough,6.435990515393273,5.455384737873835,Ripe
Orange,7.279163456260862,161.52010782824823,7.269377996223184,6.355528484844443,Orange,Rough,7.135488659228862,4.369028402476015,Ripe
Orange,6.94438696932565,141.9218471707042,6.632235028705117,7.865265222647306,Orange,Rough,7.873048096475415,5.987310496725741,Ripe
Orange,6.45384361766371,153.67183100610396,7.606548849989592,7.099201839547933,Orange,Rough,8.855463631985355,5.814654271515497,Ripe
Orange,7.096024558245015,153.81767071595,7.066770452391141,6.893271114533619,Orange,Rough,7.566486941350872,6.265361853435667,Ripe
Orange,6.6070052697460255,133.37534092884442,6.081897313448351,7.355593928838781,Orange,Rough,6.117306715060901,3.7776875256380134,Ripe
Orange,7.194289302265482,209.8599903486558,6.996964544230053,7.586943542116149,Orange,Rough,7.065463486838052,5.4208882774470855,Ripe
Orange,7.459538241493885,154.19450911622698,7.133696157035952,7.22518846433721,Orange,Rough,6.465527637085561,6.293633879629218,Ripe
Orange,6.912520121652296,144.8850968101431,7.268254921785202,6.371072412746274,Orange,Rough,7.0225449258953025,5.492704802684637,Ripe
Orange,7.542947782915789,169.49396465759907,6.987486520627428,7.572436409440201,Orange,Rough,8.11216603921385,5.94624824508149,Ripe
Orange,7.005176309921691,133.7632753529968,6.467443168462314,6.786342706951733,Orange,Rough,6.512390238272573,5.350422957611643,Ripe
Orange,7.028324962448553,170.5938550871346,6.964750610970454,7.340551150678341,Orange,Rough,7.0515795318480965,3.9196267469169026,Ripe
Orange,6.530332303090622,157.11824888556768,6.395152628579446,7.419950110997343,Orange,Rough,8.224600665874958,6.475009481357853,Ripe
Orange,6.893278564534896,189.81452273699904,7.074333728601056,6.764039820217373,Orange,Rough,6.509277869167248,5.258024250809497,Ripe
Orange,6.8059115907293855,163.40832444750976,7.080286990524932,7.00213221410739,Orange,Rough,7.34955053579708,6.452517019829073,Ripe
Orange,7.4747770677206615,130.30204063100194,5.723039432549022,7.654023937867492,Orange,Rough,5.906497041267663,5.320187678485853,Ripe
Orange,6.41494348697032,123.9603912483996,7.270731364102394,7.531408612211853,Orange,Rough,6.538791679418624,3.427166166284072,Ripe
Orange,6.726877775873759,167.83608010805094,6.260544215612936,7.128351943845409,Orange,Rough,6.987752120661604,5.963433199680871,Ripe
Orange,7.059790184207077,140.5386211823689,7.598285750832246,6.889029298881121,Orange,Rough,6.978156368392055,4.753385632741443,Ripe
Orange,6.778358874404245,142.30394571946198,6.913526970038289,8.19819593609964,Orange,Rough,5.902479085654915,4.209150881698607,Ripe
Orange,7.735585163746804,155.81352645696268,6.665463630670041,7.727933281177253,Orange,Rough,6.515507568210508,6.960807770837549,Ripe
Orange,7.338962935669635,150.24177183708593,8.07865410663275,6.575999553897663,Orange,Rough,7.593676297607446,5.739434064325193,Ripe
Orange,7.650870644699399,191.23022393453707,7.016002074532883,6.472607490757672,Orange,Rough,7.3679777143512935,4.957827704198315,Ripe
Orange,8.006693623763312,162.73070662165475,6.817339224343946,7.1292762141054355,Orange,Rough,5.922298968376243,4.722708769191478,Ripe
Orange,7.600206953972212,146.86211442057208,6.47654450865903,7.3756569267691,Orange,Rough,7.948563323730397,6.075162648532054,Ripe
Orange,7.498023842902908,144.86409822861077,6.289094666629078,8.050933556368841,Orange,Rough,6.741856128926291,5.299333586835962,Ripe
Orange,7.664097070924529,171.1246001880132,7.227943886040804,8.51550164143076,Orange,Rough,6.485185415695885,6.24227210246499,Ripe
Orange,7.028506562448542,165.37184557726513,7.764234213206266,7.355485029402737,Orange,Rough,7.430636863239706,6.358005869847842,Ripe
Orange,6.817523635228557,143.2158066532199,6.4775954029894836,5.623550387436799,Orange,Rough,8.644965703952257,4.617433307422654,Ripe
Orange,6.889373188207114,154.4637340022216,7.153703348904551,7.571016048777508,Orange,Rough,7.688378790687796,5.033538049144849,Ripe
Orange,6.916439143106794,165.651599009766,6.875654436908227,8.125141903213995,Orange,Rough,7.392779961310601,6.087902228839854,Ripe
Orange,7.331440634333706,183.4694771497065,7.090510779351853,6.092217636430908,Orange,Rough,7.3197503614021135,4.978914484966537,Ripe
Orange,6.735691659125122,171.72728037510186,7.6191415357168175,7.014890103715243,Orange,Rough,7.247066410079171,6.861771955708191,Ripe
Orange,7.120376589744284,212.0336622836079,7.282754822815772,5.767466068590927,Orange,Rough,7.602673296883626,5.804926707906223,Ripe
Orange,7.644876377041372,173.46362702539918,6.930772008008113,6.142991234597444,Orange,Rough,6.83278139417118,4.81958363663256,Ripe
Orange,6.709738275097639,171.77156808841218,7.834952252175703,7.276270070876087,Orange,Rough,6.043293550371852,5.855682134576113,Ripe
Orange,7.598315743322826,147.80434191361235,6.932991416663541,7.010281736310438,Orange,Rough,6.3720813495342075,6.018624347075087,Ripe
Orange,6.939525925696109,168.39064887814055,6.55625391109895,6.693779189773613,Orange,Rough,7.577905086262217,5.201733478326586,Ripe
Orange,7.863481925616703,152.00727628770795,7.112342362875943,7.652813582311163,Orange,Rough,5.865307413653575,4.091352950415379,Ripe
Orange,6.237171842714953,185.25168206854363,6.724070927053777,8.790739499967776,Orange,Rough,6.54860192107409,5.6476410425576296,Ripe
Orange,7.771054976283938,200.12185776318245,8.030751788318199,7.8458563614151995,Orange,Rough,7.81925002064917,5.9740215593609465,Ripe
Orange,7.389180538083319,148.97628567342935,6.590900558288847,6.997637879812333,Orange,Rough,6.8638523019800575,5.1374175605381796,Ripe
Orange,7.348193723728357,179.1061041714102,7.044203443145924,8.034271056738683,Orange,Rough,6.086648708693196,5.3450724325762256,Ripe
Orange,6.641588839698597,122.6692676585388,6.95865965707865,6.914776744131702,Orange,Rough,8.210759794593706,6.004649347643822,Ripe
Orange,6.487906587835398,197.08185132668376,7.610516847762677,7.407468392428031,Orange,Rough,6.818812720920135,4.7324486106212165,Ripe
Orange,6.8138966119644735,181.7749723940837,7.942293152967305,8.080270469790532,Orange,Rough,6.608920462570981,4.604306053368791,Ripe
Orange,7.070443123455602,124.63121268874298,7.161583857092391,6.896678189590932,Orange,Rough,6.627170798505406,4.224237546186563,Ripe
Orange,7.256800053284858,149.3459832067618,6.415041582144856,4.989416450702846,Orange,Rough,6.977988075959491,6.917801277335795,Ripe
Orange,7.830629607273935,150.85807486827457,6.6988939698191095,7.328141979252517,Orange,Rough,6.2012916486493666,5.741433519855573,Ripe
Orange,7.383040139192345,184.53866447768615,6.9499229617600236,6.8574283748761236,Orange,Rough,6.297613930594752,4.8384957167681115,Ripe
Orange,6.8867605540492365,167.34731013632356,7.456792313116624,6.437774734523758,Orange,Rough,8.194150855167617,5.283101119165945,Ripe
Orange,6.989316352825782,145.05576641704354,5.787879869863529,7.618831777452735,Orange,Rough,7.589475117673946,5.274937954305429,Ripe
Orange,7.033495358612436,170.318784354082,6.218727071556729,6.6296631258575935,Orange,Rough,7.635411743697462,4.496568461464601,Ripe
Orange,7.146778966083315,132.8683639075319,7.233214991216763,6.975050962391761,Orange,Rough,5.707894547275592,6.431791483565737,Ripe
Orange,6.632704211600975,143.79495125971238,7.100284598615471,7.8040461446001,Orange,Rough,6.187342544817282,5.549343879878378,Ripe
Orange,7.214408250165286,173.86211214526287,7.088220777638613,6.743080512641674,Orange,Rough,6.337927823481024,5.5689151064371,Ripe
Orange,6.463930494007196,101.57299033010786,7.218279902078834,7.632754388760336,Orange,Rough,5.10965405156653,4.69221543623205,Ripe
Orange,7.309577130502599,201.149909394234,7.010396853837704,6.490397941139606,Orange,Rough,6.8536828471161275,6.599901135318548,Ripe
Orange,6.6770179104377325,144.01615986699494,6.758628238908984,6.332669974218901,Orange,Rough,7.098136252795836,6.7997427667756485,Ripe
Orange,7.161539636558015,154.95292995747425,6.8540943655422275,5.905766433912341,Orange,Rough,7.706487821717728,5.437730242389758,Ripe
Orange,6.909760043204687,223.86215135689721,7.1493764541828435,6.4737462649333715,Orange,Rough,6.658913923035565,6.418756567357404,Ripe
Orange,7.056635205268882,131.23444043365265,7.459614467287602,6.532299140122705,Orange,Rough,8.498638220974037,6.364038452571719,Ripe
Orange,6.776339052170624,185.62032723470224,7.033927755263702,7.596941572585553,Orange,Rough,7.38778625383558,4.822914676007301,Ripe
Orange,6.678225083841269,180.59921635162323,6.83261233394673,6.717446075730602,Orange,Rough,6.235901936520517,5.838879252474769,Ripe
Orange,8.031262459621573,138.64934171491456,7.012109728336379,7.9885543887908,Orange,Rough,6.936286887003428,5.861897436999787,Ripe
Orange,6.46880323592656,168.56614194415297,6.906427867497726,7.690010996975904,Orange,Rough,7.949908841251801,7.571650913614891,Ripe
Orange,7.289816586606788,166.51592633164333,7.097192150788668,6.752783595032518,Orange,Rough,7.270787074769353,5.263678871888777,Ripe
Orange,7.084230488134807,186.35195071215918,6.496728717360179,7.797914992790332,Orange,Rough,8.053692053871892,5.405545178407137,Ripe
Orange,5.939072550495703,147.84356025811135,7.6484972732805545,6.983992356390782,Orange,Rough,6.200558214164071,5.096180063017426,Ripe
Orange,7.420310013252276,170.9346713640276,6.880533950415153,6.743222911729719,Orange,Rough,6.686593480764943,4.762071852401198,Ripe
Orange,7.807687844734721,153.5535906157732,7.608579260412748,8.064921236345716,Orange,Rough,7.798648718518368,5.154703749825561,Ripe
Orange,7.201865045168304,159.51608787218169,6.548149069634936,7.227051497205122,Orange,Rough,6.056768167072158,6.4501435107692515,Ripe
Orange,6.767691351350804,164.0231931174568,7.141643935773071,6.818766518407146,Orange,Rough,7.469355041180219,5.120077074701981,Ripe
Orange,7.435648648728622,133.08040639506504,7.063189789773206,8.3572502993408,Orange,Rough,6.19973494031554,4.957804023580119,Ripe
Orange,7.256953924829458,163.59163563879196,7.1753150496367795,7.342430991103364,Orange,Rough,7.507777174849416,6.3877598735649785,Ripe
Orange,7.2049093284642565,155.17484690762916,7.336286850601366,8.329917354426652,Orange,Rough,6.893893002893941,4.720376556263487,Ripe
Orange,7.553540334643486,157.59237672092803,5.913665226992982,7.593195174005295,Orange,Rough,6.571737451236862,5.427573374156672,Ripe
Orange,7.165990165284507,163.80999359558132,7.354725908569519,6.69515954060111,Orange,Rough,7.410484638540866,5.292362657932866,Ripe
Orange,7.369405240443752,172.30734968026107,6.532280648977702,7.7601874813225225,Orange,Rough,6.571229243908761,6.146446238624916,Ripe
Orange,7.183643656700671,196.76367353590246,6.888267008814074,6.7554782427172615,Orange,Rough,6.984464315289814,5.25745617373258,Ripe
Orange,7.399970950971025,127.67378783126824,6.473158790426823,6.2525379548945645,Orange,Rough,7.760246073578861,6.86849069806554,Ripe
Orange,6.947775390731264,156.62356553619978,7.035026081556591,7.813314811825733,Orange,Rough,6.258117492647541,5.690695186187828,Ripe
Orange,7.487598814891215,170.02188339879692,7.094790808299372,7.700732264796999,Orange,Rough,4.8374141656006096,6.042300255624726,Ripe
Orange,6.672962158436288,123.38734206287086,7.255601299762491,7.96156098161407,Orange,Rough,6.890041188297847,6.262299637762351,Ripe
Orange,7.806139128994323,186.29828907168095,7.819982264685697,7.519489243750325,Orange,Rough,7.060346911121274,4.218427350482266,Ripe
Orange,6.876968755935025,143.13506809367615,8.085471358748906,6.876879931297364,Orange,Rough,7.098563845427589,5.9411883008323745,Ripe
Orange,7.021801223186227,193.90102080861504,6.688675319132774,7.13622521866607,Orange,Rough,6.406023531441561,4.443981991023435,Ripe
Orange,6.694115454547357,159.25926405903175,6.78534888774137,6.515305314088301,Orange,Rough,5.874946029062533,5.433515541897044,Ripe
Orange,6.247639812984499,175.20111927379205,7.041219876467252,5.979713950374549,Orange,Rough,6.752632738360109,4.898274875527534,Ripe
Orange,7.1595872552095905,186.8090089204629,6.062413765177128,7.080518255403192,Orange,Rough,6.871893763546687,6.037072061160373,Ripe
Orange,7.106598314118845,144.96061336522362,6.840473032166691,6.4427819002375575,Orange,Rough,7.8608057108788785,5.517049318937554,Ripe
Mango,9.450595342876504,248.78678372370757,7.645796616544769,8.940399925171022,Yellow,Smooth,7.557488258995244,2.232691245595608,Ripe
Mango,8.633563325505742,260.1745004645987,7.209404648983933,10.62652681985328,Yellow,Smooth,8.613551158653248,3.6174344095884394,Ripe
Mango,9.306110314127713,267.93678631731063,7.865734676047084,9.376165442209299,Yellow,Smooth,7.278547678936556,2.9246773446060637,Ripe
Mango,8.394434880586152,230.25640945697631,7.934371516453847,10.053796318071138,Yellow,Smooth,8.820115214553537,2.979997935341232,Ripe
Mango,8.584327335983364,258.8388129913882,7.454800461278577,10.987652665822388,Yellow,Smooth,8.921129494172591,3.515079698355878,Ripe
Mango,8.854107211628278,254.66432262527005,8.476568316956623,10.200986915641277,Yellow,Smooth,8.51005010028765,3.7892028201648813,Ripe
Mango,7.9281368963396694,252.17119411553045,7.9833850046777695,9.854318199909223,Yellow,Smooth,8.897169990848855,1.9945207636018887,Ripe
Mango,8.22563754612952,251.8568980228223,8.0799281959987,9.280627401351829,Yellow,Smooth,10.0,2.8070601214283992,Ripe
Mango,8.984728600263368,258.5438872374337,7.676886345078098,11.242717624826659,Yellow,Smooth,8.045090534594816,4.235323338888001,Ripe
Mango,9.00029115902149,236.5875958184671,8.696232650032165,9.824967439780734,Yellow,Smooth,9.230954903423886,3.7082574710169767,Ripe
Mango,8.432845629264726,266.21616546319564,8.396744360276106,8.776027618733274,Yellow,Smooth,10.0,2.17000640957146,Ripe
Mango,9.016273102170828,272.5341027365517,7.454516784892401,9.71242999843179,Yellow,Smooth,8.115436265211251,3.3280631757690116,Ripe
Mango,8.34598285790713,265.5932106453868,8.655154373059805,10.976978667552968,Yellow,Smooth,8.550265578737358,3.3326225010043777,Ripe
Mango,7.6582809038895245,233.88259867007622,8.482425816548728,11.130907976483762,Yellow,Smooth,8.012520902496062,3.0260285926776844,Ripe
Mango,8.486797121520537,255.60322317639213,7.595198240039177,10.296842731124864,Yellow,Smooth,8.620928522343267,3.4884381832973768,Ripe
Mango,8.77314212400185,250.12844539621875,7.781807054736715,9.923273137251918,Yellow,Smooth,8.929309632635732,3.2039911760942976,Ripe
Mango,8.370601968666449,281.97294341009433,8.280459723970619,9.793163777379588,Yellow,Smooth,9.55756352360859,3.232944408195192,Ripe
Mango,9.086562318793321,257.3928438439619,7.946348927997885,10.313401848067194,Yellow,Smooth,7.743299078345201,2.598586024872156,Ripe
Mango,7.903037496800472,252.85886189527415,8.866257499742545,11.561910102334842,Yellow,Smooth,9.510440881152606,3.9006755799555655,Ripe
Mango,7.599471132923631,239.14652400531958,7.60610812404588,9.56540668122422,Yellow,Smooth,8.865484945132168,3.122327537842298,Ripe
Mango,7.5103500948121065,264.9582051223507,7.463628487130097,10.167472804877805,Yellow,Smooth,10.0,2.764492326730861,Ripe
Mango,7.234856238626835,244.27991556239778,8.550479817499285,11.370843217954416,Yellow,Smooth,8.016360324438066,3.8973593785892175,Ripe
Mango,8.267344771609974,247.8810329139173,9.322171673508517,8.947920770123392,Yellow,Smooth,9.20299172919566,3.8741545374123465,Ripe
Mango,9.042893162469674,251.9596630694179,8.15402526975205,9.725846002804746,Yellow,Smooth,9.215301552996086,3.2254461796020717,Ripe
Mango,8.810785944928025,242.60779327912732,8.188550196951093,9.979516030420514,Yellow,Smooth,9.900840200617735,3.458885021129211,Ripe
Mango,7.613483765896559,275.23843001427986,7.547133849568691,9.542363562945827,Yellow,Smooth,8.523470964765206,4.599550474536654,Ripe
Mango,7.432162893010652,312.75497067319986,8.528028404533027,10.156267239890411,Yellow,Smooth,8.956084799506971,3.7284432598861255,Ripe
Mango,8.76056121418967,262.90431171900116,8.277802233001724,10.062706476878674,Yellow,Smooth,8.842129263754138,3.3789813730771905,Ripe
Mango,8.40254585982366,272.6754019373413,8.296778361140431,7.941727955735004,Yellow,Smooth,9.524720621223809,3.65578895577502,Ripe
Mango,8.490645621777052,242.22963093822227,8.562056359993006,10.663268523486,Yellow,Smooth,8.381697865741113,3.825641829699628,Ripe
Mango,8.014171632729356,222.40763670422137,7.686641387705017,10.60367543066793,Yellow,Smooth,9.76250003630087,3.9104683360778343,Ripe
Mango,8.862547893423999,260.3235657422992,7.679259202388524,10.30234578127176,Yellow,Smooth,9.640327620182147,4.10343306385086,Ripe
Mango,9.094456685737322,264.16607694402126,8.175724103770792,10.749105166821499,Yellow,Smooth,8.978782992600753,2.794500279017826,Ripe
Mango,8.418466518028119,235.10194710387103,7.662410862512809,9.898836930499138,Yellow,Smooth,8.366064063200032,3.2536307762887677,Ripe
Mango,7.553192666523107,254.26587414745876,8.000602737681112,9.428037958252267,Yellow,Smooth,9.527396534745924,4.250056110101247,Ripe
Mango,7.696220067815513,234.7455044286757,7.615428825106351,9.342067829223796,Yellow,Smooth,9.663579873545398,3.344939088981757,Ripe
Mango,8.367742579344695,209.92275271186492,8.317709015104613,9.132519123602568,Yellow,Smooth,9.047946104213063,3.721901550366553,Ripe
Mango,9.180329297919325,223.82359201761776,6.490243922089587,10.128694681327586,Yellow,Smooth,10.0,4.49115708235155,Ripe
Mango,8.604829707637313,240.16727628735904,8.403561298318655,9.318517660206872,Yellow,Smooth,9.381086215484975,3.9043761273333013,Ripe
Mango,9.03010495374944,305.1932007782216,8.196207983589384,9.64372546200475,Yellow,Smooth,8.979540550246405,2.0847392760887056,Ripe
Mango,8.15264343445547,241.81435123773792,7.737955801032704,10.106648410423606,Yellow,Smooth,8.342064054094239,4.3968245338595775,Ripe
Mango,8.500103532459098,249.8139935772277,7.836052641743541,10.108633478701286,Yellow,Smooth,9.660078611734107,2.8062958274312795,Ripe
Mango,8.170941755462371,243.92547942446672,7.327064538263393,9.426519498194951,Yellow,Smooth,8.619023301164273,4.199511344570182,Ripe
Mango,8.631280664500963,253.8717982273509,8.425448981083987,9.903839748120422,Yellow,Smooth,9.312371879943111,3.417422597654003,Ripe
Mango,8.632681174699814,238.34482684776836,6.780591420861786,9.906004586469587,Yellow,Smooth,10.0,4.240972321793274,Ripe
Mango,8.982698742295586,274.72261443612433,8.044328795480718,10.138120995183916,Yellow,Smooth,8.50587848365252,3.24714171517836,Ripe
Mango,8.807885574885571,274.0776887433763,7.9302768621595,9.684867514604012,Yellow,Smooth,9.000422367085278,3.980965399143292,Ripe
Mango,7.778072591933229,204.07638093725524,7.724731575254208,9.145501301860088,Yellow,Smooth,8.593487841882151,3.381775744946023,Ripe
Mango,8.273375795488493,279.0493506894149,8.16337238230116,10.21033205172758,Yellow,Smooth,9.497765715234722,2.5889335057753846,Ripe
Mango,9.019555893710134,248.4847142692908,8.335240308620607,9.249699936871892,Yellow,Smooth,7.756992987187148,4.154311726420023,Ripe
Mango,8.688204763048759,231.9589689128498,7.565168459362653,10.787804349090338,Yellow,Smooth,8.048470485706138,4.814138362604771,Ripe
Mango,8.049689632676065,262.76783851216766,7.835690762125508,10.42223120175764,Yellow,Smooth,8.564708798308645,3.3697656751421645,Ripe
Mango,8.52045958769786,229.95625088437055,8.370412172710063,9.64075050346989,Yellow,Smooth,8.817120067727986,2.70452050031319,Ripe
Mango,7.218833170602345,246.17944474799663,9.206307710806458,10.549223001528617,Yellow,Smooth,8.984591696212485,3.289687336633386,Ripe
Mango,8.511232946406023,260.9423823035042,7.409593592345578,10.78002518626821,Yellow,Smooth,9.572305052352995,4.074548580566348,Ripe
Mango,8.719237869404864,250.3923331538798,8.33643061798341,10.414269893618965,Yellow,Smooth,8.716767431247181,3.041118581682479,Ripe
Mango,8.550928147630993,280.98040302990375,7.380446462173049,8.972732313973292,Yellow,Smooth,9.131808672989214,3.5407101614848147,Ripe
Mango,8.586670832185204,254.87906395817,7.888398872682598,11.042904407021457,Yellow,Smooth,7.719276817218788,2.8372023801758033,Ripe
Mango,8.448372619925477,217.13622377691667,7.912072797783964,11.163029116009612,Yellow,Smooth,9.01670919063677,3.684560724574947,Ripe
Mango,7.8699176174137095,237.67277183921044,7.812401809838032,9.777599432270636,Yellow,Smooth,10.0,3.9461528485800996,Ripe
Mango,7.944271021531484,254.9300955686401,8.249110874248393,10.798104326964886,Yellow,Smooth,10.0,2.687924646537705,Ripe
Mango,8.094571244394832,224.84844282170766,7.8829900704465095,10.326450862112434,Yellow,Smooth,9.789867613271282,3.439239181085982,Ripe
Mango,8.340076238372578,253.0351598449748,7.582428549184988,11.46267710518634,Yellow,Smooth,7.713871178305553,3.6477924631165797,Ripe
Mango,9.511803109614819,250.13599689119997,7.904980482499253,9.7497882040327,Yellow,Smooth,8.855686654590073,4.598278779741224,Ripe
Mango,7.394069044335247,280.6686740259265,7.288021423774928,9.81334336953591,Yellow,Smooth,8.65660446376107,3.9708426158165757,Ripe
Mango,7.700937824058126,259.24345332163887,9.012154811643427,9.045778196785033,Yellow,Smooth,9.151764934088316,2.970414257762713,Ripe
Mango,8.712943603096518,250.38295554831504,7.679256545477845,10.341510599409752,Yellow,Smooth,10.0,3.347276966618161,Ripe
Mango,8.85987897107409,224.1345408425767,7.521781811590996,10.330684394516265,Yellow,Smooth,10.0,3.784490679028528,Ripe
Mango,8.343470984738422,249.98582810846708,7.374796133015141,10.423160728448757,Yellow,Smooth,9.705866449858727,3.1383277337335356,Ripe
Mango,8.26497892612025,255.31756459304097,7.781640131979702,9.953707169761925,Yellow,Smooth,10.0,3.302379439403203,Ripe
Mango,8.32082992398939,237.04916388729683,8.372095985749969,9.873143078747328,Yellow,Smooth,8.48050156934286,4.5570432258184095,Ripe
Mango,9.209801502256818,237.9915286852259,7.066730024319692,10.705259582885846,Yellow,Smooth,8.452296139391997,4.132500479330215,Ripe
Mango,7.514948091144082,267.8519467659862,7.39441403535961,10.511534883346567,Yellow,Smooth,9.011418454269148,2.736848464482684,Ripe
Mango,8.29648184353661,263.726369139134,8.052947226557617,10.40908908633074,Yellow,Smooth,10.0,2.248606710631159,Ripe
Mango,9.308606287484311,252.08711875046427,7.550607975838436,9.068780461982707,Yellow,Smooth,8.848703687378373,4.237320089539567,Ripe
Mango,8.436225439811233,280.2230986049469,7.274412154974221,9.991537736507762,Yellow,Smooth,7.998085244469505,3.7909055060999743,Ripe
Mango,8.94344369504865,241.58476412637893,6.697893071686433,10.139263702757546,Yellow,Smooth,9.349390841386807,3.823435803969358,Ripe
Mango,9.117891095911077,228.57892640701903,8.340108052725224,10.834755258734582,Yellow,Smooth,7.5771299327947865,3.755721460735182,Ripe
Mango,8.247910084496164,248.3695465379671,8.173838241769168,9.658940005120513,Yellow,Smooth,8.45943353667071,3.52732193399042,Ripe
Mango,7.956377030568599,228.2834974222963,8.339686641478252,9.195844175388942,Yellow,Smooth,9.53305000072737,3.870073034283161,Ripe
Mango,7.637096635604702,236.4487069532869,8.597054701523685,9.313184128202224,Yellow,Smooth,8.62847659015249,3.8696487146015173,Ripe
Mango,8.891695254641299,244.96922227911008,7.701244902654179,10.995658903188955,Yellow,Smooth,10.0,4.2830864406254365,Ripe
Mango,8.542659071282513,233.83468556718148,7.584777796721717,10.36575987368603,Yellow,Smooth,9.334718576710946,4.621278874357143,Ripe
Mango,8.82522504626807,219.93839396480365,8.52597380886146,9.30135756087991,Yellow,Smooth,8.692822982438118,3.7001601650013556,Ripe
Mango,9.497833744891983,312.1983711201072,8.303361529568091,9.871762366895728,Yellow,Smooth,9.42760451878444,4.210124340699069,Ripe
Mango,8.339666187221404,285.90422711824647,8.115035379595701,10.348420162363976,Yellow,Smooth,9.53273940164357,3.8372692884915645,Ripe
Mango,8.919470250234806,237.65493626906152,7.7208491230269845,9.229892036919814,Yellow,Smooth,9.351600984496182,4.123149202809691,Ripe
Mango,8.728886433075942,283.48984866695076,7.997201990585476,10.468119158914758,Yellow,Smooth,8.126639299088549,3.190320238020479,Ripe
Mango,8.847768878782889,266.9820422148629,7.853016526167909,9.949880523699353,Yellow,Smooth,7.785701002655353,3.2143766393547124,Ripe
Mango,8.945191581759893,261.5041003221313,8.250332860690605,10.034841581026672,Yellow,Smooth,9.00565052690254,2.9717430884212424,Ripe
Mango,8.849414210101267,258.4194588877878,8.2460094239964,9.631775610132694,Yellow,Smooth,7.277325664103005,4.377722169402957,Ripe
Mango,8.260581271995799,232.74448471913757,8.346739455956996,9.725591152056609,Yellow,Smooth,9.847949107237298,3.993604759661358,Ripe
Mango,8.841784661600238,222.6808857759893,8.6059719926932,10.1828753718637,Yellow,Smooth,8.704578288603038,3.6147107738738007,Ripe
Mango,7.6118823835508405,258.1730562296134,7.485314245908964,9.053130799909527,Yellow,Smooth,7.782112651025687,4.39015069999194,Ripe
Mango,8.185368303153606,280.67455419833,7.732099268473851,8.804849429684937,Yellow,Smooth,8.106780448041073,4.488649296005551,Ripe
Mango,8.422050911031667,239.03425407018798,8.080009112926394,10.351247915317282,Yellow,Smooth,9.89391905272197,4.658799383914341,Ripe
Mango,8.320115677105457,223.47904627835925,7.7932674194383615,10.18219635460802,Yellow,Smooth,8.22899285903151,2.7342792680839656,Ripe
Mango,8.671893940774943,249.026952968591,8.016398497705794,9.46905326570995,Yellow,Smooth,8.815679428635386,2.7606134845853565,Ripe
Mango,8.945099205562393,270.70498669447505,7.0769060688809535,9.349342397865312,Yellow,Smooth,7.802776595927937,2.9799808524744815,Ripe
Mango,8.45828101510482,221.0070956060294,7.539070093437344,9.29722983954295,Yellow,Smooth,9.165813863519155,3.5554754696290005,Ripe
Grapes,1.6391312233313733,8.53641744278796,1.7266599577063673,2.3098414227717625,Purple,Smooth,8.83876167223883,4.0723688414322785,Ripe
Grapes,1.3502093815362013,21.59464835758349,2.405698277245796,1.6962156978731673,Purple,Smooth,8.155022115003888,4.230345534730042,Ripe
Grapes,1.438727596877793,1.0,2.5088307334217514,2.6900467175779537,Purple,Smooth,7.941181020191618,3.2724713731203976,Ripe
Grapes,2.195347960464072,1.0,2.523658853310724,3.3187129946994416,Purple,Smooth,7.316487404745578,2.96521844014891,Ripe
Grapes,1.234446248722139,15.285095120356697,2.286028720857072,2.4564662881004824,Purple,Smooth,8.399482687896402,2.7327382152160475,Ripe
Grapes,2.2823029629468,1.0,1.988223924562881,2.377952019468015,Purple,Smooth,7.680246337632753,2.704378456933313,Ripe
Grapes,1.934263702164166,21.520943428830126,1.7816178813808912,1.3753960294829246,Purple,Smooth,8.899667123364337,4.10516326295239,Ripe
Grapes,1.3538686524471908,18.794156104903887,1.7485126147243284,2.6844410507317416,Purple,Smooth,7.735379303210795,2.8124737597469425,Ripe
Grapes,1.6081171672068018,1.0,1.5419040422593788,1.9177244542386886,Purple,Smooth,7.4462573679605155,2.4273920087113985,Ripe
Grapes,2.34102603285631,34.744923106718545,1.7099733793149785,2.667583150374764,Purple,Smooth,7.899748088242347,3.3776018167354196,Ripe
Grapes,2.0379776339580435,19.853648367194445,2.2411244763403286,1.6336363043708917,Purple,Smooth,8.195324851511419,3.7098326698133937,Ripe
Grapes,1.6183569479107092,5.75875670895204,2.3416644964055346,2.353480326294447,Purple,Smooth,8.358382438212809,4.891097995695489,Ripe
Grapes,1.607006983682509,1.0,2.1519092978024377,3.0050937535883007,Purple,Smooth,7.315306900924185,4.1626085306568275,Ripe
Grapes,1.3306971001383756,18.85837246063222,1.6970695896205532,3.703564534345108,Purple,Smooth,9.094012282534495,2.3866747297733215,Ripe
Grapes,1.72522143204571,22.19175773959604,1.8064346751052427,2.4682121474474332,Purple,Smooth,7.520310736433928,1.4642614750418748,Ripe
Grapes,1.9930811269528814,1.0,1.753438588800114,3.51054240242817,Purple,Smooth,6.494794484576595,3.650564149398382,Ripe
Grapes,1.8605185348340958,1.0,2.3951859480258557,2.738035906198223,Purple,Smooth,7.9564903977756245,3.774547728426289,Ripe
Grapes,1.8343458084083386,1.0,1.457424736721101,1.9222126290147314,Purple,Smooth,9.85927554024698,3.9957436645894293,Ripe
Grapes,1.3244628168959893,1.0,2.240933030859246,2.883085358164577,Purple,Smooth,7.939107068253891,2.7960353651570418,Ripe
Grapes,1.93727286999855,11.557590483187148,2.0429465031466654,0.9464897390767255,Purple,Smooth,7.316160295539845,2.3188748525917493,Ripe
Grapes,2.087605709454256,64.7051800520682,2.1837408327371524,2.2805292196793214,Purple,Smooth,8.237441201581802,3.38615030976737,Ripe
Grapes,2.2100472452259208,17.137011864313422,3.0282717824147705,1.708378095271859,Purple,Smooth,7.8789056614491635,2.2588950960147693,Ripe
Grapes,2.277756323171124,1.0,1.7913165931974577,2.2934370600334657,Purple,Smooth,8.280653375475767,3.734763555153931,Ripe
Grapes,1.3771413117768079,6.098682219996975,1.6452100726254137,1.6190465625272659,Purple,Smooth,7.3263863596605034,2.7532137692353444,Ripe
Grapes,3.2133582431727614,13.659196507213924,1.3111912496228815,2.1046581970803406,Purple,Smooth,8.317106636343519,4.67075421829594,Ripe
Grapes,1.2070083438810209,1.0,2.935482587685891,2.772729924159633,Purple,Smooth,6.805365814498907,3.4277032688979485,Ripe
Grapes,0.6821261304915611,5.06751013194322,2.1639105864215424,3.1469890976764807,Purple,Smooth,6.688883238165969,3.068549729122687,Ripe
Grapes,1.5372876869702063,10.10767511348634,1.5523268388184879,2.2143294125878454,Purple,Smooth,6.703347684167817,3.5209089934589257,Ripe
Grapes,2.4292255583283326,1.0,2.0191189974800143,1.4859860097565192,Purple,Smooth,7.26025868159457,2.959836306366604,Ripe
Grapes,3.3103965455149877,1.0,2.732088619376219,3.1978011414260656,Purple,Smooth,7.724509123592109,4.406896387356107,Ripe
Grapes,2.1860527363034317,12.783183913358574,1.9734396734912274,3.3564982176930394,Purple,Smooth,8.377175387048707,2.49945817000303,Ripe
Grapes,1.3403764027006164,1.0,1.5999807178011767,2.4555327977692514,Purple,Smooth,8.489950507747311,2.6341586759305677,Ripe
Grapes,1.9785883093442125,6.160454696167904,2.424215441102642,0.9271774662107763,Purple,Smooth,7.014639764187763,3.169026953823578,Ripe
Grapes,2.6000394782134304,1.0,1.061723646979063,2.9337980121762954,Purple,Smooth,6.991710088939497,2.048266672727711,Ripe
Grapes,1.6878273051433879,1.3094928468830092,1.6976276677308937,0.9561037600306517,Purple,Smooth,8.217652957509706,4.019900033022978,Ripe
Grapes,2.3257609956697527,1.0,1.899254233026241,2.495435079339379,Purple,Smooth,7.979035511649528,3.534672390974465,Ripe
Grapes,1.632913100610752,6.639911128271208,2.2286402023076204,3.5190756255027367,Purple,Smooth,8.063605231859778,3.631245349900415,Ripe
Grapes,2.0419133139646806,33.209182904070076,2.2048813979797486,1.8972384628785006,Purple,Smooth,8.622695976100152,3.558322618031222,Ripe
Grapes,1.7784779894357587,1.0,2.148287772570381,2.8242293566873093,Purple,Smooth,7.657833812504965,3.249046938754308,Ripe
Grapes,2.84997868728819,26.430863044697716,2.095317795632512,3.1589174065372383,Purple,Smooth,6.673980877177968,3.3183416399574472,Ripe
Grapes,2.904653174866555,1.0,1.5761830356904576,2.0435377779848576,Purple,Smooth,6.62829357012609,2.372190473497837,Ripe
Grapes,1.8147459507049855,1.0,2.0078091669748015,3.131594021650653,Purple,Smooth,6.773795055882464,4.215427138913415,Ripe
Grapes,2.2553960442637973,25.611611712481146,1.6710827230739316,3.0981676589466307,Purple,Smooth,6.626452879683749,3.712198000669207,Ripe
Grapes,2.0859196698967657,16.065024399695673,1.412202697187574,1.8734511104063767,Purple,Smooth,7.977782574602708,2.2413215966206392,Ripe
Grapes,2.2316031460495616,1.0,2.4240871063333342,1.6372336796620437,Purple,Smooth,7.941839950143619,3.5005047469168007,Ripe
Grapes,1.6516140907852126,16.640531341694537,2.130221131666778,2.122810700665083,Purple,Smooth,6.693156252739033,1.4298994466619366,Ripe
Grapes,2.1748250236498468,1.0,2.047672099720654,2.3155862487424255,Purple,Smooth,8.043314220350556,2.7583636004081087,Ripe
Grapes,1.8352761068264543,19.63741408576591,2.1675290145420587,2.721309170027945,Purple,Smooth,7.875414071846821,1.7715423014343152,Ripe
Grapes,2.378394339993491,17.249375880272048,1.4916584357117513,2.329143668428059,Purple,Smooth,7.468554169897895,2.892402572478614,Ripe
Grapes,2.1669299832842674,33.62733563662367,2.5408833638364143,1.5814465645980156,Purple,Smooth,7.997655992244839,4.063146655628328,Ripe
Grapes,2.193404260344601,26.819608503719337,3.0061352228503826,3.216596682274887,Purple,Smooth,7.699446876513383,3.8360707792678026,Ripe
Grapes,2.0724439165484454,5.47806086569911,1.8242928821431337,3.5943893511824756,Purple,Smooth,6.845257067246399,4.225894179742493,Ripe
Grapes,2.2499320618701857,1.0,2.1838246464957107,1.0299814446438633,Purple,Smooth,8.000406413464829,3.708185186391193,Ripe
Grapes,1.7038220221739733,7.470953919111647,2.977078716875143,2.1459773070166444,Purple,Smooth,6.652873930354719,4.185330721970079,Ripe
Grapes,2.9812935952653974,5.073913436956946,2.505731517704178,3.439033140871617,Purple,Smooth,6.906012613969293,2.611755331705705,Ripe
Grapes,2.6154372565773674,38.70028557417019,2.2814404300871773,1.884129952548562,Purple,Smooth,9.089648889359554,2.5752232817504286,Ripe
Grapes,1.8324311094142742,11.846756689792429,2.7770802103573873,3.0977831835865564,Purple,Smooth,7.8318924002895285,3.370630824094485,Ripe
Grapes,2.021757334321733,16.162790290370125,0.7352199611528485,2.292374778651141,Purple,Smooth,7.6930575479334244,2.0791887331043943,Ripe
Grapes,2.19316165890578,1.0,2.8777378491577448,3.6011138076503997,Purple,Smooth,7.12735554470547,2.8793298307466437,Ripe
Grapes,1.9630262171958037,1.0,2.0975124920140633,1.9692025517786869,Purple,Smooth,6.595507732049979,3.498168979120215,Ripe
Grapes,2.3147647921109056,1.0,2.4476777153812996,2.057895589584268,Purple,Smooth,7.702532190430385,3.656275210089965,Ripe
Grapes,1.9831937176481436,14.094818242822688,1.7417851780562141,2.362473391600332,Purple,Smooth,7.335312455295727,2.402737322767809,Ripe
Grapes,1.911612918442109,1.0,1.7544231264289476,2.3005871546412306,Purple,Smooth,7.295056198003696,2.806802043303377,Ripe
Grapes,1.9691179000699355,14.588830361721278,2.437258537066261,2.0451643412062133,Purple,Smooth,6.537439315688684,2.166364470205518,Ripe
Grapes,1.7563985394025363,1.0,1.6150019669012714,1.592718335025074,Purple,Smooth,7.13510333802065,3.145141296091177,Ripe
Grapes,2.2975147329177825,1.0,1.793501088928283,1.8513111838068825,Purple,Smooth,7.474848663700179,2.321257092647348,Ripe
Grapes,2.2865639066206,1.0,1.8201851637737687,2.7107751374342195,Purple,Smooth,7.647067613058003,5.154426931184398,Ripe
Grapes,2.174900012283954,1.0,1.9522678764554635,1.2566275665734838,Purple,Smooth,7.435520200562591,2.333555154399393,Ripe
Grapes,2.457695137780081,1.0,1.9416170421023766,2.0551095110169175,Purple,Smooth,8.891081081482666,2.7430057871056706,Ripe
Grapes,2.916278521739601,21.28303524236533,2.241033363667693,2.7581132031222637,Purple,Smooth,7.8150378385730015,1.457861936523512,Ripe
Grapes,1.8605583029246218,21.903159423686432,1.9755514082629473,1.5163671072374976,Purple,Smooth,7.458076439538025,4.3632844130043935,Ripe
Grapes,2.6234458577673596,3.759919812679365,2.4757246385290435,2.243445085742364,Purple,Smooth,6.136902730538624,2.2604272094963562,Ripe
Grapes,2.781444384254099,1.0,1.878308010312491,2.2901132626075835,Purple,Smooth,9.023309271658405,4.300767132289651,Ripe
Grapes,3.109390116724067,1.8190957919989743,2.1478122443735477,1.4383502154054464,Purple,Smooth,8.68154754089462,2.065776358985652,Ripe
Grapes,2.1083877818813144,1.0,1.705566586630652,1.9139162982652098,Purple,Smooth,7.013699791459346,2.568701837480817,Ripe
Grapes,1.7258656025374615,21.666678235606142,1.4475686034687398,2.654378998909707,Purple,Smooth,8.474367321844447,2.589442908389283,Ripe
Grapes,1.641040554626199,1.0,2.589862604180355,2.6358753416673504,Purple,Smooth,7.0750285643139215,3.387101320950432,Ripe
Grapes,1.4488539250817882,18.62719020885896,2.204303653850884,2.284534070202781,Purple,Smooth,6.829131361242215,2.2906552621732343,Ripe
Grapes,2.2674086681729553,29.579610049781238,1.6813461264856027,2.820870692486039,Purple,Smooth,5.830378385118345,2.53230581547424,Ripe
Grapes,1.984470533564549,1.0,1.531746812605202,2.0325543104717796,Purple,Smooth,7.733754182661099,2.8501367852749,Ripe
Grapes,0.880884383337514,1.0,1.6965674110714124,2.8203806102374864,Purple,Smooth,5.301996125819812,2.6002158590786957,Ripe
Grapes,1.7368760717412894,32.76675556416896,1.8074890941435682,2.76809228931865,Purple,Smooth,7.61300571206997,1.2955468161542394,Ripe
Grapes,2.3841036083158684,9.30793010912576,2.254134319837295,5.248366394505428,Purple,Smooth,5.83270964840113,4.379757319808887,Ripe
Grapes,1.8562762402998223,10.746578088060186,1.977243877349379,2.2030345666213695,Purple,Smooth,7.044133657408993,3.2636069884584074,Ripe
Grapes,1.2414131516641604,20.01158335043531,1.791902797557373,1.7089514626717497,Purple,Smooth,7.139989713603349,4.0057193734900585,Ripe
Grapes,1.7323324564918885,12.169072364192406,1.6345218621422632,3.030545294946534,Purple,Smooth,8.048406191032162,4.478887066637129,Ripe
Grapes,1.9122180272503924,18.373096095158132,2.0490337697694723,3.40711024730411,Purple,Smooth,6.924934089913016,3.596004250301825,Ripe
Grapes,1.9026513519416592,3.716236457830045,2.0458762422241863,2.6765682774986743,Purple,Smooth,7.4070167655024335,3.171770546536421,Ripe
Grapes,2.789059028781092,24.70899371230437,2.4345772962484484,2.1811223317832904,Purple,Smooth,6.788607337417341,3.764240446590202,Ripe
Grapes,2.438023396264897,34.45341351501964,1.6980096870153853,2.339315941247757,Purple,Smooth,6.188412669979653,2.6860231151513014,Ripe
Grapes,2.4982852552897237,1.0,2.3202398976004117,2.366647825801532,Purple,Smooth,7.759245622577248,2.0818468881474663,Ripe
Grapes,2.0426047248169503,1.0,1.9065519209190076,1.358668729399402,Purple,Smooth,8.464795613237452,3.621925882211609,Ripe
Grapes,2.2333354909830403,35.4201245431876,1.5255417395875814,3.7231542385408907,Purple,Smooth,8.245753251408308,2.8107557702248434,Ripe
Grapes,2.567810073591472,1.0,1.5877429192361632,2.0739871937322096,Purple,Smooth,7.0768178335487875,2.1547538857917976,Ripe
Grapes,2.6115415335476624,1.0,2.17625248417844,2.1007540435104235,Purple,Smooth,6.043517359561186,3.216045886713138,Ripe
Grapes,1.0438725122901116,3.6273190782906277,1.3158424805835947,3.8910931994615656,Purple,Smooth,8.229090177739778,3.0846030330171845,Ripe
Grapes,2.631853338827334,1.0,2.2717396893350466,2.6398673036030993,Purple,Smooth,7.711216065066936,4.017882800085414,Ripe
Grapes,2.366246051389901,10.774473256500466,1.172556281885852,1.8279675933043755,Purple,Smooth,7.4018328531234205,3.074697899421321,Ripe
Grapes,1.434898137663038,53.233533511568425,2.758197027626786,2.9214828242747384,Purple,Smooth,7.557629489026996,2.830232824079079,Ripe
Grapes,1.5240407699888823,6.54961037037725,2.1288762700713755,1.630767597162863,Purple,Smooth,7.767341133795918,2.875792760940201,Ripe
